Workbook
Name \A: '[1]C-27'!#REF!
Name \A: '[1]C-27'!#REF!
Name \A: '[1]C-27'!#REF!
Name \A: '[1]C-27'!#REF!
Name \A: '[1]C-27'!#REF!
Name \A: '[1]C-27'!#REF!
Name \A: '[1]C-27'!#REF!
Name \A: '[1]C-27'!#REF!
Name \A: '[1]C-27'!#REF!
Name \A: '[1]C-27'!#REF!
Name \C: #REF!
Name \C: #REF!
Name \C: #REF!
Name \C: #REF!
Name \C: #REF!
Name \C: #REF!
Name \C: #REF!
Name \C: #REF!
Name \C: #REF!
Name \C: #REF!
Name \e: #REF!
Name \e: #REF!
Name \e: #REF!
Name \e: #REF!
Name \e: #REF!
Name \e: #REF!
Name \e: #REF!
Name \e: #REF!
Name \e: #REF!
Name \e: #REF!
Name \S: #N/A
Name _1990: #REF!
Name _1990: #REF!
Name _1990: #REF!
Name _1990: #REF!
Name _1990: #REF!
Name _1990: #REF!
Name _1990: #REF!
Name _1990: #REF!
Name _1990: #REF!
Name _1990: #REF!
Name A_IMPRESION_IM: '[1]C-27'!$A$1:$Z$22
Name A_IMPRESIÓN_IM: [3]CYPPOLLO!#REF!
Name A_IMPRESIÓN_IM: [3]CYPPOLLO!#REF!
Name A_IMPRESIÓN_IM: [3]CYPPOLLO!#REF!
Name A_IMPRESIÓN_IM: [3]CYPPOLLO!#REF!
Name A_IMPRESIÓN_IM: [3]CYPPOLLO!#REF!
Name A_IMPRESIÓN_IM: [3]CYPPOLLO!#REF!
Name A_IMPRESIÓN_IM: [3]CYPPOLLO!#REF!
Name A_IMPRESIÓN_IM: [3]CYPPOLLO!#REF!
Name A_IMPRESIÓN_IM: [3]CYPPOLLO!#REF!
Name A_IMPRESIÓN_IM: [3]CYPPOLLO!#REF!
Name AGO: #REF!
Name AGO: #REF!
Name AGO: #REF!
Name AGO: #REF!
Name AGO: #REF!
Name AGO: #REF!
Name AGO: #REF!
Name AGO: #REF!

Sheet INDICE
A1: INDICE
A3: Cuadro | B3: Denominación
A4: C.1 | B4: Perú: Valor bruto de la producción agropecuaria por grupos de productos según año, 2015-2016
A5: C.2 | B5: Perú: Valor bruto de la producción agropecuaria por producto según año, 2015-2016
A6: C.3 | B6: Perú: Valor bruto de la producción agrícola y ganadera por departamento según año, 2012-2016
A7: C.4 | B7: Perú: Índice de producción agropecuaria por producto según año, 2005-2016
A8: C.5 | B8: Perú: Superficie cosechada por producto según año, 2012-2016
A9: C.6 | B9: Perú: Producción agrícola por producto según año, 2012-2016
A10: C.7 | B10: Perú: Rendimiento agrícola por producto según año, 2012-2016
A11: C.8 | B11: Perú: Precio recibido por el productor por producto según año, 2011-2015
A12: C.9 | B12: Perú: Superficie sembrada de cereales por región según cultivo, ago 2015-jul 2016
A13: C.10 | B13: Perú: Superficie cosechada de cereales por región según cultivo, año 2016
A14: C.11 | B14: Perú: Producción de cereales por región según producto, año 2016
... A212: C.209 | B212: Perú: Fibra de alpaca por región según variables productivas, 2015/16

Sheet C.1
A1: C.1 PERÚ: VALOR BRUTO DE LA PRODUCCIÓN AGROPECUARIA POR GRUPOS DE PRODUCTOS SEGÚN AÑO, 2015-2016
A2: (millones de soles a precios 2007)
J3: 100
A4: GRUPO | C4: 2015 | D4: 2016 | E4: Var. % 2016/2015 | F4: Aporte p.p. 2016 | G4: Aporte % 2016 | I4: Cultivos de azúcar | J4: 0.022659033
A5: SECTOR AGROPECUARIO | C5: 31645.552 | D5: 32273.455 | E5: 1.984174 | F5: 2.0235435 | G5: 100 | I5: Demás | J5: 0.029288776
A6: PRODUCTOS DE LA AGRICULTURA, HORTICULTURA Y JARDINERÍA COMERCIAL | C6: 19149.606 | D6: 19271.62 | E6: 0.63716455 | F6: 0.38802273 | G6: 59.713535 | I6: Huevos de gallina u otras aves | J6: 0.038379096
B7: Cereales | C7: 4382.8182 | D7: 4154.5471 | E7: -5.2083195 | F7: -0.68376778 | G7: 12.872954 | I7: Leche cruda | J7: 0.050318957
B8: Hortalizas | C8: 2870.5462 | D8: 2851.0871 | E8: -0.67788701 | F8: -0.061073826 | G8: 8.8341553 | I8: Productos de forraje, fibras, plantas vivas, flores y capullos | J8: 0.063129426
B9: Frutas y nueces | C9: 3535.6785 | D9: 3865.7603 | E9: 9.3357418 | F9: 1.1404364 | G9: 11.978142 | I9: Cultivos estimulantes, de especias y aromáticos | J9: 0.064150765
B10: Semillas aceiteras y frutos oleaginosos | C10: 323.84587 | D10: 378.25885 | E10: 16.802124 | F10: 0.20083556 | G10: 1.1720433 | I10: Raíces y tubérculos comestibles | J10: 0.085324425
B11: Raíces y tubérculos comestibles con alto contenido en almidón o inulina | C11: 2877.2127 | D11: 2753.714 | E11: -4.2923038 | F11: -0.37350517 | G11: 8.5324425 | I11: Hortalizas | J11: 0.088341553
B12: Cultivos estimulantes, de especias y aromáticos | C12: 1810.2291 | D12: 2070.3668 | E12: 14.37043 | F12: 0.94016569 | G12: 6.4150765 | I12: Frutas y nueces | J12: 0.11978142
B13: Legumbres (hortalizas leguminosas secas) | C13: 453.41144 | D13: 429.19648 | E13: -5.3406172 | F13: -0.072432742 | G13: 1.3298746 | I13: Cereales | J13: 0.12872954
B14: Cultivos de azúcar | C14: 762.22029 | D14: 731.28526 | E14: -4.0585414 | F14: -0.09378732 | G14: 2.2659033 | I14: Animales vivos | J14: 0.309897
B15: Productos de forraje, fibras, plantas vivas, flores y capullos de flores, tabaco en rama, y caucho natural | C15: 2133.6437 | D15: 2037.4047 | E15: -4.51055 | F15: -0.29039834 | G15: 6.3129426
A16: ANIMALES VIVOS Y PRODUCTOS DE ANIMALES (EXCEPTO LA CARNE) | C16: 12486.123 | D16: 12991.284 | E16: 4.0457758 | F16: 1.6608913 | G16: 40.253775
B17: Animales vivos | C17: 9587.2964 | D17: 10001.447 | E17: 4.3197835 | F17: 1.3652499 | G17: 30.9897
B18: Leche cruda | C18: 1581.5399 | D18: 1623.9666 | E18: 2.6826208 | F18: 0.13766505 | G18: 5.0318957
B19: Huevos de gallina u otras aves, con cáscara, frescos | C19: 1193.1406 | D19: 1238.626 | E19: 3.8122436 | F19: 0.14921351 | G19: 3.8379096
B20: Otros productos de animales | C20: 124.14629 | D20: 127.24425 | E20: 2.4954103 | F20: 0.010033847 | G20: 0.39426907
A21: PRODUCTOS FORESTALES Y DE LA TALA1 | C21: 9.8226261 | D21: 10.55039 | E21: 7.4090514 | F21: 0.0024701222 | G21: 0.032690611
B22: Productos forestales no madereros | C22: 9.8226261 | D22: 10.55039 | E22: 7.4090514 | F22: 0.0024701222 | G22: 0.032690611
A23: 1 Sólo productos de cultivos o crianzas
A24: Fuente: SIEA

Sheet C.2
A1: C.2 PERÚ: VALOR BRUTO DE LA PRODUCCION AGROPECUARIA POR PRODUCTO SEGÚN AÑO, 2015-2016
A2: (millones de soles a precios 2007)
A4: PRODUCTO | C4: 2015 | D4: 2016 | E4: % 2016/ 2015 | F4: Aporte % 2016
A5: SECTOR AGROPECUARIO | C5: 31645.552 | D5: 32273.455 | E5: 1.984174 | F5: 100
A6: PRODUCTOS DE LA AGRICULTURA, HORTICULTURA Y JARDINERÍA COMERCIAL | C6: 19149.606 | D6: 19271.62 | E6: 0.63716455 | F6: 59.713535
A7: Cereales | C7: 4382.8182 | D7: 4154.5471 | E7: -5.2083195 | F7: 12.872954
B8: Trigo | C8: 175.76109 | D8: 156.33984 | E8: -11.0498 | F8: 0.4844224
B9: Maíz amarillo duro | C9: 944.60193 | D9: 809.2185 | E9: -14.332326 | F9: 2.5073811
B10: Maíz amiláceo | C10: 372.09815 | D10: 335.30827 | E10: -9.887145 | F10: 1.03896
B11: Maíz morado | C11: 17.460797 | D11: 17.62297 | E11: 0.92878401 | F11: 0.054605157
B12: Arroz cáscara | C12: 2573.8544 | D12: 2585.5668 | E12: 0.45505216 | F12: 8.0114349
B13: Sorgo grano | C13: 0.099652701 | D13: 0.10628167 | E13: 6.6520696 | F13: 0.00032931606
B14: Cebada grano | C14: 139.47026 | D14: 125.55123 | E14: -9.9799302 | F14: 0.38902321
B15: Avena grano | C15: 12.055126 | D15: 15.79697 | E15: 31.039437 | F15: 0.048947253
B16: Quinua | C16: 129.14434 | D16: 96.882084 | E16: -24.981548 | F16: 0.30019124
B17: Kiwicha | C17: 13.588366 | D17: 7.6370716 | E17: -43.796985 | F17: 0.023663632
B18: Cañihua | C18: 4.6840959 | D18: 4.5170417 | E18: -3.5664138 | F18: 0.013996152
A19: Hortalizas | C19: 2870.5462 | D19: 2851.0871 | E19: -0.67788701 | F19: 8.8341553
B20: Espárrago | C20: 1131.0997 | D20: 1154.0483 | E20: 2.0288789 | F20: 3.5758438
B21: Col | C21: 12.762887 | D21: 12.192344 | E21: -4.4703273 | F21: 0.037778244
B22: Coliflor | C22: 8.243475 | D22: 8.1222337 | E22: -1.4707545 | F22: 0.025166918
B23: Brócoli | C23: 38.634857 | D23: 39.090748 | E23: 1.1799983 | F23: 0.12112353
B24: Lechuga | C24: 24.894018 | D24: 26.684299 | E24: 7.1916099 | F24: 0.08268188
B25: Espinaca | C25: 12.587353 | D25: 11.965374 | E25: -4.9413009 | F25: 0.03707497
B26: Alcachofa | C26: 131.55752 | D26: 159.07045 | E26: 20.913233 | F26: 0.49288325
B27: Acelga | C27: 2.9240456 | D27: 2.6059395 | E27: -10.87897 | F27: 0.0080745603
B28: Sandía | C28: 36.000581 | D28: 32.198389 | E28: -10.561472 | F28: 0.099767409
B29: Melón | C29: 10.81597 | D29: 10.238564 | E29: -5.3384586 | F29: 0.031724414
B30: Ají | C30: 50.245137 | D30: 51.069596 | E30: 1.6408733 | F30: 0.15824025
B31: Rocoto | C31: 22.790193 | D31: 30.123361 | E31: 32.176857 | F31: 0.093337887
... B53: Apio | C53: 13.092735 | D53: 14.320399 | E53: 9.376679 | F53: 0.044372067
A54: Frutas y nueces | C54: 3535.6785 | D54: 3865.7603 | E54: 9.3357418 | F54: 11.978142
B55: Palta | C55: 441.85559 | D55: 534.30059 | E55: 20.921995 | F55: 1.655542
B56: Banano y plátano | C56: 696.53806 | D56: 702.5172 | E56: 0.85840895 | F56: 2.1767648
B57: Dátil | C57: 0.32102804 | D57: 0.36408298 | E57: 13.411581 | F57: 0.001128119
B58: Higo | C58: 2.9642006 | D58: 3.0848463 | E58: 4.0700941 | F58: 0.0095584634
B59: Mango | C59: 187.89283 | D59: 202.84965 | E59: 7.9602897 | F59: 0.62853404
B60: Guayaba | C60: 1.0697312 | D60: 1.0799003 | E60: 0.95062317 | F60: 0.0033460946
B61: Papaya | C61: 41.284969 | D61: 48.332919 | E61: 17.071465 | F61: 0.1497606
B62: Piña | C62: 168.31624 | D62: 172.29451 | E62: 2.363568 | F62: 0.53385828
B63: Maracuyá | C63: 38.902485 | D63: 36.42115 | E63: -6.3783464 | F63: 0.11285172
B64: Granadilla | C64: 66.319065 | D64: 68.268107 | E64: 2.9388864 | F64: 0.21153021
B65: Chirimoya | C65: 24.761482 | D65: 32.443049 | E65: 31.022245 | F65: 0.10052549
B66: Guanábana | C66: 2.7204594 | D66: 2.9717803 | E66: 9.2381772 | F66: 0.0092081257
... B107: Pecana | C107: 18.036509 | D107: 16.972718 | E107: -5.8979888 | F107: 0.052590336
A108: Semillas aceiteras y frutos oleaginosos | C108: 323.84587 | D108: 378.25885 | E108: 16.802124 | F108: 1.1720433
B109: Soya | C109: 2.5896542 | D109: 1.858247 | E109: -28.243429 | F109: 0.0057578188
B110: Maní | C110: 14.815407 | D110: 17.066238 | E110: 15.192507 | F110: 0.05288011
B111: Sacha inchi | C111: 3.0758158 | D111: 2.6175264 | E111: -14.899767 | F111: 0.0081104625
B112: Aceituna | C112: 81.662468 | D112: 119.33889 | E112: 46.136761 | F112: 0.36977413
B113: Coco | C113: 9.3095868 | D113: 8.8317483 | E113: -5.1327582 | F113: 0.027365364
B114: Palma aceitera | C114: 212.39294 | D114: 228.54621 | E114: 7.6053706 | F114: 0.70815538
A115: Raíces y tubérculos comestibles con alto contenido en almidón o inulina | C115: 2877.2127 | D115: 2753.714 | E115: -4.2923038 | F115: 8.5324425
B116: Papa | C116: 2130.0938 | D116: 2038.9939 | E116: -4.276802 | F116: 6.3178668
B117: Yuca | C117: 410.32003 | D117: 393.94743 | E117: -3.9902023 | F117: 1.2206547
B118: Camote | C118: 126.2454 | D118: 118.14332 | E118: -6.4177217 | F118: 0.36606966
B119: Pituca | C119: 8.2157156 | D119: 7.735237 | E119: -5.8482862 | F119: 0.0239678
B120: Maca | C120: 37.918441 | D120: 36.128237 | E120: -4.7211976 | F120: 0.11194413
B121: Arracacha | C121: 10.334767 | D121: 9.8135636 | E121: -5.0432076 | F121: 0.03040754
B122: Oca | C122: 44.543757 | D122: 43.649841 | E122: -2.0068261 | F122: 0.13524998
B123: Yacón | C123: 5.353821 | D123: 4.3098517 | E123: -19.499517 | F123: 0.013354169
B124: Mashua | C124: 10.699985 | D124: 11.706861 | E124: 9.4100693 | F124: 0.036273965
B125: Olluco | C125: 93.487001 | D125: 89.285758 | E125: -4.493933 | F125: 0.27665386
A126: Cultivos estimulantes, de especias y aromáticos | C126: 1810.2291 | D126: 2070.3668 | E126: 14.37043 | F126: 6.4150765
B127: Café pergamino | C127: 1206.8542 | D127: 1330.5486 | E127: 10.249321 | F127: 4.1227336
B128: Té | C128: 1.7519915 | D128: 1.5309661 | E128: -12.615665 | F128: 0.0047437318
B129: Cacao | C129: 466.82487 | D129: 544.11047 | E129: 16.555586 | F129: 1.6859381
B130: Páprika | C130: 130.90912 | D130: 190.34822 | E130: 45.40486 | F130: 0.5897981
B131: Anís | C131: 1.2810248 | D131: 1.3110583 | E131: 2.3444938 | F131: 0.0040623428
B132: Albahaca | C132: 2.6078751 | D132: 2.5175167 | E132: -3.464829 | F132: 0.0078005802
A133: Legumbres (hortalizas leguminosas secas) | C133: 453.41144 | D133: 429.19648 | E133: -5.3406172 | F133: 1.3298746
B134: Frijol grano seco | C134: 180.09511 | D134: 162.62728 | E134: -9.6992251 | F134: 0.50390415
B135: Nuña | C135: 4.3847591 | D135: 3.4154103 | E135: -22.107229 | F135: 0.010582723
B136: Pallar grano seco | C136: 35.495217 | D136: 41.181303 | E136: 16.0193 | F136: 0.12760116
B137: Frijol loctao | C137: 0.52239238 | D137: 0.5307581 | E137: 1.6014235 | F137: 0.0016445655
B138: Haba grano seco | C138: 92.035886 | D138: 82.198591 | E138: -10.688543 | F138: 0.25469412
B139: Garbanzo | C139: 6.8864902 | D139: 1.4481888 | E139: -78.970582 | F139: 0.0044872444
B140: Lenteja | C140: 5.6043297 | D140: 4.365603 | E140: -22.10303 | F140: 0.013526916
B141: Arveja grano seco | C141: 75.835351 | D141: 71.551637 | E141: -5.6487038 | F141: 0.2217043
B142: Caupi frijol Chiclayo | C142: 28.067638 | D142: 34.94992 | E142: 24.520348 | F142: 0.10829309
B143: Frijol de palo grano seco | C143: 1.8302111 | D143: 2.9062039 | E143: 58.790635 | F143: 0.0090049359
B144: Tarhui | C144: 18.650885 | D144: 19.651974 | E144: 5.3675186 | F144: 0.060892069
B145: Zarandaja | C145: 4.0031783 | D145: 4.3696083 | E145: 9.1534769 | F145: 0.013539326
A146: Cultivos de azúcar | C146: 762.22029 | D146: 731.28526 | E146: -4.0585414 | F146: 2.2659033
B147: Caña de azúcar para azúcar | C147: 600.45715 | D147: 578.1525 | E147: -3.7146104 | F147: 1.7914181
B148: Caña de azúcar para chancaca | C148: 0.24919088 | D148: 0.21667813 | E148: -13.047324 | F148: 0.0006713819
B149: Caña de azúcar para alcohol | C149: 67.736689 | D149: 61.214731 | E149: -9.6283978 | F149: 0.18967517
B150: Caña de azúcar para etanol | C150: 92.690302 | D150: 90.726431 | E150: -2.1187457 | F150: 0.28111782
B151: Caña de azúcar para masticación | C151: 1.0869576 | D151: 0.97491804 | E151: -10.307626 | F151: 0.0030208047
A152: Productos de forraje, fibras, plantas vivas, flores y capullos de flores, tabaco en rama, y caucho natural | C152: 2133.6437 | D152: 2037.4047 | E152: -4.51055 | F152: 6.3129426
B153: Maíz chala | C153: 156.29908 | D153: 153.83332 | E153: -1.5775922 | F153: 0.47665587
B154: Alfalfa | C154: 796.63344 | D154: 775.02129 | E154: -2.7129357 | F154: 2.4014203
B155: Cebada forrajera | C155: 54.662255 | D155: 49.90841 | E155: -8.6967594 | F155: 0.15464229
B156: Avena forrajera | C156: 233.12917 | D156: 214.05967 | E156: -8.1798016 | F156: 0.66326854
B157: Gramalote | C157: 26.180049 | D157: 26.994863 | E157: 3.1123476 | F157: 0.083644171
B158: Pasto elefante | C158: 127.73474 | D158: 119.59222 | E158: -6.3745569 | F158: 0.37055908
B159: King grass | C159: 4.890072 | D159: 4.8826037 | E159: -0.15272422 | F159: 0.015128853
B160: Grama chilena | C160: 28.031971 | D160: 27.186657 | E160: -3.0155321 | F160: 0.084238449
B161: Braquiaria | C161: 331.63625 | D161: 346.30465 | E161: 4.4230386 | F161: 1.0730325
B162: Sorgo forrajero | C162: 0.4030998 | D162: 0.48371977 | E162: 20 | F162: 0.0014988162
...

Sheet C.3
A1: C.3 PERÚ: VALOR BRUTO DE LA PRODUCCION AGRÍCOLA Y GANADERA POR DEPARTAMENTO SEGÚN AÑO, 2012-2016
A2: (millones de soles a precios 2007)
A4: Departamento | B4: 2012 | E4: 2013 | H4: 2014 | K4: 2015 | N4: 2016 | Q4: Var. % interanual 2012-2016 | T4: Aporte % 2016
B5: TOTAL | C5: Agrícola | D5: Ganadera | E5: TOTAL | F5: Agrícola | G5: Ganadera | H5: TOTAL | I5: Agrícola | J5: Ganadera | K5: TOTAL | L5: Agrícola | M5: Ganadera | N5: TOTAL | O5: Agrícola | P5: Ganadera | Q5: TOTAL | R5: Agrícola | S5: Ganadera | T5: TOTAL | U5: Agrícola | V5: Ganadera
A6: NACIONAL | B6: 29526.804 | C6: 18460.091 | D6: 11066.714 | E6: 30097.904 | F6: 18638.786 | G6: 11459.118 | H6: 30655.655 | I6: 18790.945 | J6: 11864.71 | K6: 31645.552 | L6: 19159.429 | M6: 12486.123 | N6: 32273.455 | O6: 19282.171 | P6: 12991.284 | Q6: 2.2485723 | R6: 1.0951974 | S6: 4.0898419 | T6: 100 | U6: 59.746225 | V6: 40.253775 | X6: Lima | Y6: 19.886478
A7: Amazonas | B7: 1022.7778 | C7: 875.70065 | D7: 147.07712 | E7: 1049.3388 | F7: 897.38942 | G7: 151.94941 | H7: 1082.7337 | I7: 934.72028 | J7: 148.0134 | K7: 1109.5096 | L7: 958.18259 | M7: 151.32698 | N7: 1066.5506 | O7: 903.62426 | P7: 162.92631 | Q7: 1.0531936 | R7: 0.78782026 | S7: 2.5915342 | T7: 3.3047301 | U7: 2.7998994 | V7: 0.50483071 | X7: La Libertad | Y7: 11.67429
A8: Ancash | B8: 731.91502 | C8: 478.55086 | D8: 253.36416 | E8: 735.50562 | F8: 479.06139 | G8: 256.44422 | H8: 728.28512 | I8: 483.55744 | J8: 244.72768 | K8: 786.05682 | L8: 522.45503 | M8: 263.60179 | N8: 751.56089 | O8: 476.65586 | P8: 274.90503 | Q8: 0.66439291 | R8: -0.09914432 | S8: 2.0608966 | T8: 2.3287277 | U8: 1.4769285 | V8: 0.85179922 | X8: Arequipa | Y8: 8.1182969
A9: Apurímac | B9: 424.02088 | C9: 305.15308 | D9: 118.8678 | E9: 438.33744 | F9: 319.06309 | G9: 119.27435 | H9: 439.43147 | I9: 320.70856 | J9: 118.72291 | K9: 454.58776 | L9: 336.18593 | M9: 118.40183 | N9: 466.40257 | O9: 349.28028 | P9: 117.12229 | Q9: 2.4102496 | R9: 3.4341801 | S9: -0.36914866 | T9: 1.4451585 | U9: 1.0822525 | V9: 0.36290598 | X9: Ica | Y9: 7.635634
A10: Arequipa | B10: 2389.3314 | C10: 1438.7932 | D10: 950.53819 | E10: 2398.3612 | F10: 1400.9925 | G10: 997.36867 | H10: 2517.0092 | I10: 1459.0373 | J10: 1057.9719 | K10: 2495.838 | L10: 1379.8457 | M10: 1115.9924 | N10: 2620.0549 | O10: 1455.7403 | P10: 1164.3145 | Q10: 2.3313016 | R10: 0.29317555 | S10: 5.2022884 | T10: 8.1182969 | U10: 4.510643 | V10: 3.6076539 | X10: San Martín | Y10: 5.9619966
A11: Ayacucho | B11: 588.8748 | C11: 362.73423 | D11: 226.14056 | E11: 584.31333 | F11: 351.61371 | G11: 232.69963 | H11: 569.80134 | I11: 365.92746 | J11: 203.87389 | K11: 577.78961 | L11: 374.38425 | M11: 203.40536 | N11: 562.37662 | O11: 354.58521 | P11: 207.79141 | Q11: -1.1444462 | R11: -0.56643295 | S11: -2.0933299 | T11: 1.7425362 | U11: 1.09869 | V11: 0.6438462 | X11: Piura | Y11: 4.8120743
A12: Cajamarca | B12: 1637.7345 | C12: 1065.8998 | D12: 571.83471 | E12: 1636.3474 | F12: 1039.4192 | G12: 596.9282 | H12: 1613.9942 | I12: 998.77047 | J12: 615.22373 | K12: 1599.7447 | L12: 967.4673 | M12: 632.27738 | N12: 1536.2329 | O12: 936.56721 | P12: 599.66566 | Q12: -1.5867923 | R12: -3.1821039 | S12: 1.1951425 | T12: 4.7600509 | U12: 2.9019738 | V12: 1.8580771 | X12: Cajamarca | Y12: 4.7600509
A13: Cusco | B13: 1077.718 | C13: 763.12553 | D13: 314.5925 | E13: 1074.0191 | F13: 783.38142 | G13: 290.63768 | H13: 1006.3575 | I13: 704.06186 | J13: 302.29559 | K13: 983.68895 | L13: 663.57334 | M13: 320.11561 | N13: 1028.4371 | O13: 706.54866 | P13: 321.88849 | Q13: -1.1633193 | R13: -1.9073373 | S13: 0.57482138 | T13: 3.1866348 | U13: 2.1892564 | V13: 0.99737847 | X13: Junín | Y13: 4.7123646
A14: Huancavelica | B14: 385.76746 | C14: 277.99173 | D14: 107.77573 | E14: 382.82379 | F14: 271.39642 | G14: 111.42737 | H14: 365.18411 | I14: 251.9646 | J14: 113.2195 | K14: 365.19451 | L14: 252.14898 | M14: 113.04553 | N14: 371.4753 | O14: 264.30908 | P14: 107.16623 | Q14: -0.93936911 | R14: -1.2538773 | S14: -0.14168328 | T14: 1.1510243 | U14: 0.81896742 | V14: 0.33205688 | X14: Lambayeque | Y14: 3.3504191
A15: Huánuco | B15: 905.13202 | C15: 668.96091 | D15: 236.17111 | E15: 974.08697 | F15: 716.70146 | G15: 257.38551 | H15: 1009.8303 | I15: 752.04291 | J15: 257.78741 | K15: 1049.381 | L15: 779.21653 | M15: 270.16444 | N15: 992.48066 | O15: 715.02261 | P15: 277.45805 | Q15: 2.3298955 | R15: 1.678647 | S15: 4.1100458 | T15: 3.0752229 | U15: 2.2155131 | V15: 0.85970979 | X15: Amazonas | Y15: 3.3047301
A16: Ica | B16: 2121.3915 | C16: 1521.72 | D16: 599.67151 | E16: 2179.5709 | F16: 1513.7239 | G16: 665.84702 | H16: 2347.4663 | I16: 1567.4229 | J16: 780.04344 | K16: 2388.3147 | L16: 1569.101 | M16: 819.21372 | N16: 2464.2829 | O16: 1569.266 | P16: 895.01682 | Q16: 3.8167506 | R16: 0.77213408 | S16: 10.529815 | T16: 7.635634 | U16: 4.8624049 | V16: 2.7732291 | X16: Cusco | Y16: 3.1866348
A17: Junín | B17: 1481.0743 | C17: 1286.3586 | D17: 194.71579 | E17: 1425.6428 | F17: 1216.7169 | G17: 208.9259 | H17: 1332.143 | I17: 1118.0714 | J17: 214.07164 | K17: 1446.5992 | L17: 1205.5181 | M17: 241.08103 | N17: 1520.8428 | O17: 1241.9335 | P17: 278.90933 | Q17: 0.66462241 | R17: -0.87480016 | S17: 9.3995325 | T17: 4.7123646 | U17: 3.8481579 | V17: 0.86420662 | X17: Huánuco | Y17: 3.0752229
... A23: Moquegua | B23: 135.17379 | C23: 103.05954 | D23: 32.114252 | E23: 149.77082 | F23: 114.06573 | G23: 35.70509 | H23: 133.20001 | I23: 98.399202 | J23: 34.800808 | K23: 139.08812 | L23: 104.70737 | M23: 34.38075 | N23: 123.85768 | O23: 90.152521 | P23: 33.705159 | Q23: -2.1619894 | R23: -3.2897685 | S23: 1.2161096 | T23: 0.38377571 | U23: 0.27933955 | V23: 0.10443617 | X23: Demás | Y23: 7.7931272
A24: Pasco | B24: 327.80707 | C24: 226.20081 | D24: 101.60626 | E24: 349.9543 | F24: 247.31815 | G24: 102.63615 | H24: 347.66004 | I24: 253.79586 | J24: 93.864189 | K24: 382.36211 | L24: 286.55627 | M24: 95.805844 | N24: 391.27713 | O24: 301.807 | P24: 89.470135 | Q24: 4.524124 | R24: 7.4753296 | S24: -3.1299763 | T24: 1.2123807 | U24: 0.93515554 | V24: 0.27722516
A25: Piura | B25: 1414.8883 | C25: 1119.1979 | D25: 295.69035 | E25: 1618.0022 | F25: 1311.0906 | G25: 306.91163 | H25: 1400.3264 | I25: 1104.032 | J25: 296.29438 | K25: 1591.4421 | L25: 1266.6098 | M25: 324.83231 | N25: 1794.3678 | O25: 1483.7388 | P25: 310.62895 | Q25: 6.1200213 | R25: 7.3031919 | S25: 1.2397807 | T25: 5.5598876 | U25: 4.597397 | V25: 0.96249056
A26: Puno | B26: 1298.7521 | C26: 708.03267 | D26: 590.71947 | E26: 1353.612 | F26: 757.23376 | G26: 596.37824 | H26: 1411.6882 | I26: 804.79782 | J26: 606.89039 | K26: 1470.1454 | L26: 897.41037 | M26: 572.73498 | N26: 1463.4932 | O26: 874.04857 | P26: 589.44464 | Q26: 3.0305715 | R26: 5.4072705 | S26: -0.05399616 | T26: 4.5346655 | U26: 2.7082585 | V26: 1.826407
A27: San Martín | B27: 1780.2376 | C27: 1526.9611 | D27: 253.27652 | E27: 1698.3308 | F27: 1442.3892 | G27: 255.94165 | H27: 1845.1679 | I27: 1574.3913 | J27: 270.77661 | K27: 2009.6326 | L27: 1723.1273 | M27: 286.50527 | N27: 2057.3773 | O27: 1758.5819 | P27: 298.7954 | Q27: 3.6833442 | R27: 3.5937755 | S27: 4.2184819 | T27: 6.3748284 | U27: 5.4490043 | V27: 0.92582404
A28: Tacna | B28: 374.58076 | C28: 271.88098 | D28: 102.69978 | E28: 387.36532 | F28: 256.08625 | G28: 131.27907 | H28: 538.98621 | I28: 403.75766 | J28: 135.22856 | K28: 390.72037 | L28: 214.55208 | M28: 176.16829 | N28: 366.16933 | O28: 200.60901 | P28: 165.56031 | Q28: -0.56618037 | R28: -7.3185326 | S28: 12.67996 | T28: 1.1345836 | U28: 0.62159138 | V28: 0.51299223
A29: Tumbes | B29: 173.58482 | C29: 155.3668 | D29: 18.218015 | E29: 157.54961 | F29: 138.329 | G29: 19.220611 | H29: 197.44098 | I29: 177.77867 | J29: 19.662314 | K29: 178.71907 | L29: 159.1971 | M29: 19.521965 | N29: 174.44571 | O29: 163.74047 | P29: 10.705243 | Q29: 0.12375684 | R29: 1.3209951 | S29: -12.446427 | T29: 0.54052382 | U29: 0.50735339 | V29: 0.033170429
A30: Ucayali | B30: 389.69378 | C30: 288.63429 | D30: 101.05949 | E30: 403.84319 | F30: 287.17553 | G30: 116.66767 | H30: 438.81625 | I30: 326.02391 | J30: 112.79235 | K30: 483.26259 | L30: 361.33994 | M30: 121.92266 | N30: 448.9337 | O30: 361.72198 | P30: 87.211725 | Q30: 3.6011759 | R30: 5.8051343 | S30: -3.6172203 | T30: 1.3910308 | U30: 1.1208034 | V30: 0.27022743
A31: Nota: La producción ganadera se refiere a la de animales vivos y productos de animales (excepto la carne)
A32: 1 Incluye El Callao
A33: Fuente: SIEA

Sheet C.4
A1: C.4 PERÚ: INDICE DE PRODUCCIÓN AGROPECUARIA POR PRODUCTO SEGÚN AÑO, 2005-2016
A2: (2009 = 100)
A4: Producto | C4: 2007 | D4: 2008 | E4: 2009 | F4: 2010 | G4: 2011 | H4: 2012 | I4: 2013 | J4: 2014 | K4: 2015 | L4: 2016 | N4: Producto | O4: 2007 | P4: 2008 | Q4: 2009 | R4: 2010 | S4: 2011 | T4: 2012 | U4: 2013 | V4: 2014 | W4: 2015 | X4: 2016
A5: SECTOR AGROPECUARIO | C5: 87.35946 | D5: 99.842424 | E5: 100 | F5: 104.46823 | G5: 115.6013 | H5: 115.18424 | I5: 116.36077 | J5: 123.87933 | K5: 129.75228 | L5: 136.73687 | N5: Cereales | O5: 101.86408 | P5: 129.73398 | Q5: 100 | R5: 108.1585 | S5: 137.77409 | T5: 123.51967 | U5: 125.41051 | V5: 141.86856 | W5: 141.44457 | X5: 148.81488
A6: PRODUCTOS DE LA AGRICULTURA, HORTICULTURA Y JARDINERÍA COMERCIAL | C6: 88.887519 | D6: 103.23333 | E6: 100 | F6: 105.80866 | G6: 121.88032 | H6: 118.47738 | I6: 117.66145 | J6: 126.27662 | K6: 135.1974 | L6: 144.36122 | N6: Hortalizas | O6: 90.834783 | P6: 82.816392 | Q6: 100 | R6: 104.92115 | S6: 101.92945 | T6: 111.96623 | U6: 109.52716 | V6: 122.03756 | W6: 133.03984 | X6: 135.86055
A7: Cereales | C7: 101.86408 | D7: 129.73398 | E7: 100 | F7: 108.1585 | G7: 137.77409 | H7: 123.51967 | I7: 125.41051 | J7: 141.86856 | K7: 141.44457 | L7: 148.81488 | N7: Frutas y nueces | O7: 79.626833 | P7: 94.007098 | Q7: 100 | R7: 95.443108 | S7: 104.45324 | T7: 117.68086 | U7: 115.23476 | V7: 123.91222 | W7: 129.26187 | X7: 170.7727
B8: Trigo | C8: 79.580986 | D8: 103.52705 | E8: 100 | F8: 102.3472 | G8: 104.95052 | H8: 110.61082 | I8: 115.98034 | J8: 119.62769 | K8: 126.60053 | L8: 124.03242 | N8: Semillas aceiteras y frutos oleaginosos | O8: 102.24306 | P8: 93.22428 | Q8: 100 | R8: 100.58867 | S8: 128.08838 | T8: 135.18458 | U8: 123.14024 | V8: 104.02363 | W8: 132.05357 | X8: 187.46879
B9: Maíz amarillo duro | C9: 96.344759 | D9: 108.56065 | E9: 100 | F9: 110.33233 | G9: 133.65175 | H9: 122.60063 | I9: 128.92104 | J9: 132.57302 | K9: 131.89526 | L9: 144.94017 | N9: Raíces y tubérculos comestibles | O9: 73.136785 | P9: 101.5584 | Q9: 100 | R9: 100.15402 | S9: 108.85282 | T9: 116.28906 | U9: 124.95861 | V9: 110.90134 | W9: 143.06296 | X9: 108.78124
B10: Maíz amiláceo | C10: 69.282548 | D10: 89.222573 | E10: 100 | F10: 96.15363 | G10: 107.36888 | H10: 114.37077 | I10: 126.79414 | J10: 118.12225 | K10: 107.51812 | L10: 114.98257 | N10: Cultivos estimulantes, de especias y aromáticos | O10: 100.56985 | P10: 102.04701 | Q10: 100 | R10: 122.27447 | S10: 162.39578 | T10: 121.7004 | U10: 99.784373 | V10: 131.37582 | W10: 125.45578 | X10: 99.548125
B11: Arroz cáscara | C11: 118.02052 | D11: 155.67001 | E11: 100 | F11: 111.12252 | G11: 153.72355 | H11: 127.93622 | I11: 124.58424 | J11: 155.83306 | K11: 157.38471 | L11: 163.69234 | N11: Legumbres (hortalizas leguminosas secas) | O11: 76.682062 | P11: 91.761415 | Q11: 100 | R11: 104.12165 | S11: 108.75508 | T11: 124.35604 | U11: 129.15972 | V11: 128.4199 | W11: 130.50405 | X11: 144.15854
B12: Cebada grano | C12: 71.959343 | D12: 98.170929 | E12: 100 | F12: 105.03318 | G12: 111.04867 | H12: 121.69709 | I12: 125.58556 | J12: 129.98603 | K12: 126.97585 | L12: 130.61436 | N12: Productos de forraje, fibras, plantas vivas, flores | O12: 95.948023 | P12: 104.07568 | Q12: 100 | R12: 118.29328 | S12: 142.15166 | T12: 116.07798 | U12: 117.36596 | V12: 130.7545 | W12: 131.00678 | X12: 164.78172
A13: Hortalizas | C13: 90.834783 | D13: 82.816392 | E13: 100 | F13: 104.92115 | G13: 101.92945 | H13: 111.96623 | I13: 109.52716 | J13: 122.03756 | K13: 133.03984 | L13: 135.86055 | N13: Animales vivos | O13: 84.634261 | P13: 93.429167 | Q13: 100 | R13: 103.5609 | S13: 106.90157 | T13: 110.46126 | U13: 113.91486 | V13: 118.90634 | W13: 120.05425 | X13: 123.6318
B14: Espárrago | C14: 149.61875 | D14: 92.537048 | E14: 100 | F14: 122.53426 | G14: 123.21705 | H14: 134.08101 | I14: 147.48144 | J14: 130.73872 | K14: 178.65836 | L14: 200.67309 | N14: Leche cruda | O14: 88.140901 | P14: 94.873926 | Q14: 100 | R14: 101.10651 | S14: 104.0139 | T14: 109.87855 | U14: 116.99294 | V14: 121.57188 | W14: 124.78896 | X14: 129.80889
B15: Alcachofa | C15: 96.739261 | D15: 94.447355 | E15: 100 | F15: 102.63829 | G15: 102.84124 | H15: 106.53682 | I15: 112.36283 | J15: 141.41754 | K15: 119.1619 | L15: 154.03643 | N15: Huevos de gallina u otras aves, con cáscara, frescos | O15: 79.38518 | P15: 97.832737 | Q15: 100 | R15: 95.880767 | S15: 99.45712 | T15: 106.48786 | U15: 111.0063 | V15: 124.42107 | W15: 122.2818 | X15: 123.57293
B16: Sandía | C16: 93.530049 | D16: 107.6013 | E16: 100 | F16: 111.91017 | G16: 128.71771 | H16: 139.84757 | I16: 134.35404 | J16: 184.77147 | K16: 161.65883 | L16: 155.04901 | N16: Otros productos de animales | O16: 119.02195 | P16: 134.49404 | Q16: 100 | R16: 108.9908 | S16: 126.75076 | T16: 122.53241 | U16: 137.40601 | V16: 139.20085 | W16: 140.65096 | X16: 147.14931
B17: Ají | C17: 128.32968 | D17: 131.60354 | E17: 100 | F17: 191.81214 | G17: 135.16554 | H17: 125.67854 | I17: 130.46352 | J17: 131.11696 | K17: 132.81984 | L17: 151.28634
B18: Piquillo | C18: 93.936815 | D18: 94.339566 | E18: 100 | F18: 123.01645 | G18: 106.78855 | H18: 94.122464 | I18: 63.628756 | J18: 118.59777 | K18: 105.61197 | L18: 69.299541
B19: Tomate | C19: 90.524326 | D19: 115.81467 | E19: 100 | F19: 99.965086 | G19: 100.34497 | H19: 104.43359 | I19: 93.372522 | J19: 119.53197 | K19: 110.0288 | L19: 113.98982
B20: Zapallo | C20: 94.815015 | D20: 114.77708 | E20: 100 | F20: 106.6144 | G20: 134.47792 | H20: 122.95745 | I20: 115.9818 | J20: 161.7489 | K20: 158.83137 | L20: 151.92754
B21: Arveja grano verde | C21: 79.52143 | D21: 100.81566 | E21: 100 | F21: 110.42459 | G21: 119.99945 | H21: 127.19294 | I21: 132.19495 | J21: 145.85669 | K21: 149.95038 | L21: 151.2818
B22: Haba grano verde | C22: 76.249781 | D22: 97.42198 | E22: 100 | F22: 110.35895 | G22: 116.01996 | H22: 130.7628 | I22: 127.28942 | J22: 135.39189 | K22: 135.82321 | L22: 165.73787
B23: Zanahoría | C23: 75.77329 | D23: 97.949703 | E23: 100 | F23: 106.13916 | G23: 129.25088 | H23: 138.09707 | I23: 121.27079 | J23: 127.02528 | K23: 140.87761 | L23: 163.44874
B24: Ajo | C24: 38.199717 | D24: 45.899793 | E24: 100 | F24: 149.41239 | G24: 83.172343 | H24: 55.662335 | I24: 112.60615 | J24: 99.790217 | K24: 93.198955 | L24: 122.25134
B25: Cebolla | C25: 58.956495 | D25: 60.401056 | E25: 100 | F25: 55.641381 | G25: 64.181027 | H25: 99.820148 | I25: 53.70027 | J25: 94.481137 | K25: 102.21074 | L25: 60.55488
B26: Maíz choclo | C26: 78.133896 | D26: 88.312014 | E26: 100 | F26: 103.78849 | G26: 121.39095 | H26: 137.58705 | I26: 136.87938 | J26: 143.54317 | K26: 148.87422 | L26: 154.53981
A27: Frutas y nueces | C27: 79.626833 | D27: 94.007098 | E27: 100 | F27: 95.443108 | G27: 104.45324 | H27: 117.68086 | I27: 115.23476 | J27: 123.91222 | K27: 129.26187 | L27: 170.7727
B28: Palta | C28: 76.851967 | D28: 97.913206 | E28: 100 | F28: 108.42982 | G28: 115.12969 | H28: 132.03777 | I28: 121.3313 | J28: 128.68841 | K28: 147.09308 | L28: 177.45852
B29: Banano y plátano | C29: 81.05662 | D29: 92.161448 | E29: 100 | F29: 95.650809 | G29: 106.60432 | H29: 116.52632 | I29: 118.17256 | J29: 116.74278 | K29: 124.88794 | L29: 173.76049
B30: Mango | C30: 70.638032 | D30: 74.443247 | E30: 100 | F30: 71.857334 | G30: 87.08473 | H30: 96.694332 | I30: 57.998698 | J30: 117.33661 | K30: 111.92991 | L30: 141.10202
B31: Papaya | C31: 70.817846 | D31: 90.983145 | E31: 100 | F31: 93.441336 | G31: 172.20755 | H31: 195.87749 | I31: 137.88567 | J31: 161.03663 | K31: 179.82921 | L31: 159.0812
B32: Piña | C32: 75.832537 | D32: 92.727914 | E32: 100 | F32: 88.18672 | G32: 89.76059 | H32: 107.68211 | I32: 116.52284 | J32: 125.937 | K32: 135.75642 | L32: 172.51447
B33: Maracuyá | C33: 70.15065 | D33: 76.072218 | E33: 100 | F33: 85.287087 | G33: 71.545386 | H33: 84.885089 | I33: 119.09902 | J33: 140.52189 | K33: 102.01488 | L33: 121.22521
B34: Granadilla | C34: 88.650367 | D34: 108.98247 | E34: 100 | F34: 113.98209 | G34: 133.22029 | H34: 135.10381 | I34: 130.92848 | J34: 124.07951 | K34: 107.74145 | L34: 113.06039
B35: Limón | C35: 87.277071 | D35: 137.4704 | E35: 100 | F35: 120.45087 | G35: 156.19943 | H35: 195.94944 | I35: 203.5653 | J35: 183.5128 | K35: 188.15817 | L35: 163.45443
B36: Naranja | C36: 83.886046 | D36: 97.227697 | E36: 100 | F36: 101.4585 | G36: 106.90377 | H36: 114.22677 | I36: 108.51572 | J36: 111.93307 | K36: 121.68717 | L36: 134.90638
B37: Mandarina | C37: 78.876914 | D37: 85.989615 | E37: 100 | F37: 87.670324 | G37: 97.253617 | H37: 106.60478 | I37: 112.15171 | J37: 135.16013 | K37: 120.96 | L37: 147.14426
B38: Tangelo | C38: 88.945091 | D38: 95.149784 | E38: 100 | F38: 105.19422 | G38: 109.88236 | H38: 112.76487 | I38: 110.34413 | J38: 112.92832 | K38: 119.90966 | L38: 158.94531
B39: Uva | C39: 78.558666 | D39: 96.832862 | E39: 100 | F39: 96.7164 | G39: 91.979767 | H39: 105.24518 | I39: 118.52836 | J39: 119.53298 | K39: 130.53713 | L39: 126.00063
... B43: Higo chumbo (tuna) | C43: 88.048798 | D43: 92.790828 | E43: 100 | F43: 95.95219 | G43: 107.72868 | H43: 137.1715 | I43: 156.59216 | J43: 148.30361 | K43: 159.98709 | L43: 93.989997
A44: Semillas aceiteras y frutos oleaginosos | C44: 102.24306 | D44: 93.22428 | E44: 100 | F44: 100.58867 | G44: 128.08838 | H44: 135.18458 | I44: 123.14024 | J44: 104.02363 | K44: 132.05357 | L44: 187.46879
B45: Aceituna | C45: 96.059316 | D45: 81.133201 | E45: 100 | F45: 93.335627 | G45: 97.145372 | H45: 101.57042 | I45: 109.07266 | J45: 81.280953 | K45: 131.90159 | L45: 141.82107 | N45: Producto | O45: 2007 | P45: 2008 | Q45: 2009 | R45: 2010 | S45: 2011 | T45: 2012 | U45: 2013 | V45: 2014 | W45: 2015 | X45: 2016
B46: Palma aceitera | C46: 113.32232 | D46: 114.88756 | E46: 100 | F46: 113.58376 | G46: 183.52816 | H46: 195.41021 | I46: 148.34477 | J46: 144.77111 | K46: 132.32588 | L46: 118.55209 | N46: Animales vivos | O46: 84.634261 | P46: 93.429167 | Q46: 100 | R46: 103.5609 | S46: 106.90157 | T46: 110.46126 | U46: 113.91486 | V46: 118.90634 | W46: 120.05425 | X46: 123.6318
A47: Raíces y tubérculos comestibles con alto contenido en almidón o inulina | C47: 73.136785 | D47: 101.5584 | E47: 100 | F47: 100.15402 | G47: 108.85282 | H47: 116.28906 | I47: 124.95861 | J47: 110.90134 | K47: 143.06296 | L47: 108.78124 | N47: Leche cruda | O47: 88.140901 | P47: 94.873926 | Q47: 100 | R47: 101.10651 | S47: 104.0139 | T47: 109.87855 | U47: 116.99294 | V47: 121.57188 | W47: 124.78896 | X47: 129.80889
B48: Papa | C48: 70.372138 | D48: 99.733773 | E48: 100 | F48: 97.827274 | G48: 102.94134 | H48: 111.72717 | I48: 124.65126 | J48: 104.42484 | K48: 143.23692 | L48: 154.31155 | N48: Huevos de gallina u otras aves | O48: 79.38518 | P48: 97.832737 | Q48: 100 | R48: 95.880767 | S48: 99.45712 | T48: 106.48786 | U48: 111.0063 | V48: 124.42107 | W48: 122.2818 | X48: 123.57293
B49: Camote | C49: 125.09657 | D49: 143.25534 | E49: 100 | F49: 139.96253 | G49: 132.82039 | H49: 188.24976 | I49: 151.17316 | J49: 170.95972 | K49: 150.04792 | L49: 126.27565 | N49: Otros productos de animales | O49: 119.02195 | P49: 134.49404 | Q49: 100 | R49: 108.9908 | S49: 126.75076 | T49: 122.53241 | U49: 137.40601 | V49: 139.20085 | W49: 140.65096 | X49: 147.14931
B50: Yuca | C50: 76.819518 | D50: 97.269907 | E50: 100 | F50: 100.80808 | G50: 125.52854 | H50: 123.70832 | I50: 120.72241 | J50: 125.79925 | K50: 136.1707 | L50: 106.67544
B51: Oca | C51: 75.659837 | D51: 95.995915 | E51: 100 | F51: 104.97155 | G51: 127.28357 | H51: 122.40026 | I51: 132.90887 | J51: 119.27227 | K51: 138.96972 | L51: 135.83074
B52: Olluco | C52: 77.170176 | D52: 131.61303 | E52: 100 | F52: 115.10479 | G52: 127.73411 | H52: 124.82827 | I52: 128.94491 | J52: 130.60259 | K52: 166.64814 | L52: 127.14136
A53: Cultivos estimulantes, de especias y aromáticos | C53: 100.56985 | D53: 102.04701 | E53: 100 | F53: 122.27447 | G53: 162.39578 | H53: 121.7004 | I53: 99.784373 | J53: 131.37582 | K53: 125.45578 | L53: 99.548125
B54: Café pergamino | C54: 96.086581 | D54: 96.906508 | E54: 100 | F54: 121.03588 | G54: 172.61711 | H54: 125.73487 | I54: 95.803938 | J54: 131.28133 | K54: 119.03128 | L54: 134.50904
B55: Cacao | C55: 108.03578 | D55: 118.55092 | E55: 100 | F55: 130.55964 | G55: 127.52449 | H55: 100.53729 | I55: 104.38419 | J55: 132.06259 | K55: 154.48854 | L55: 137.17173
B56: Páprika | C56: 119.90431 | D56: 118.2427 | E56: 100 | F56: 122.93689 | G56: 131.73772 | H56: 115.16303 | I56: 118.47586 | J56: 131.38523 | K56: 139.37561 | L56: 164.33206
A57: Legumbres (hortalizas leguminosas secas) | C57: 76.682062 | D57: 91.761415 | E57: 100 | F57: 104.12165 | G57: 108.75508 | H57: 124.35604 | I57: 129.15972 | J57: 128.4199 | K57: 130.50405 | L57: 144.15854
B58: Frijol grano seco | C58: 69.962657 | D58: 90.06259 | E58: 100 | F58: 98.140066 | G58: 97.830519 | H58: 115.05613 | I58: 124.66493 | J58: 116.24464 | K58: 118.52781 | L58: 141.07581
B59: Haba grano seco | C59: 80.426706 | D59: 93.398424 | E59: 100 | F59: 110.48556 | G59: 119.72161 | H59: 146.94544 | I59: 149.17821 | J59: 144.44574 | K59: 154.97821 | L59: 150.06714
B60: Arveja grano seco | C60: 72.770501 | D60: 84.231403 | E60: 100 | F60: 104.05583 | G60: 105.48569 | H60: 115.12491 | I60: 122.59794 | J60: 119.95118 | K60: 114.74921 | L60: 129.87543
B61: Pallar grano seco | C61: 102.9136 | D61: 105.36216 | E61: 100 | F61: 112.7158 | G61: 121.05194 | H61: 130.75659 | I61: 118.24644 | J61: 147.21358 | K61: 159.99243 | L61: 137.9887
B62: Caupí grano seco | C62: 106.74835 | D62: 109.70469 | E62: 100 | F62: 124.20111 | G62: 158.12492 | H62: 149.56535 | I62: 131.84863 | J62: 181.92432 | K62: 170.50434 | L62: 129.42816
A63: Productos de forraje, fibras, plantas vivas, flores y capullos de flores, tabaco en rama, y caucho natural | C63: 95.948023 | D63: 104.07568 | E63: 100 | F63: 118.29328 | G63: 142.15166 | H63: 116.07798 | I63: 117.36596 | J63: 130.7545 | K63: 131.00678 | L63: 164.78172
B64: Alfalfa | C64: 84.579589 | D64: 91.001009 | E64: 100 | F64: 104.76494 | G64: 104.48266 | H64: 109.84896 | I64: 111.55603 | J64: 123.07267 | K64: 128.75198 | L64: 117.23103
B65: Algodón sin desmotar | C65: 117.73762 | D65: 129.13559 | E65: 100 | F65: 144.22271 | G65: 214.35089 | H65: 128.01699 | I65: 128.50171 | J65: 145.47807 | K65: 135.32851 | L65: 180.21805
B66: Orégano | C66: 99.072066 | D66: 109.30815 | E66: 100 | F66: 100.91523 | G66: 107.96853 | H66: 114.14369 | I66: 125.98726 | J66: 86.155946 | K66: 93.74959 | L66: 150.3594
A67: ANIMALES VIVOS Y PRODUCTOS DE ANIMALES (EXCEPTO LA CARNE) | C67: 84.980183 | D67: 94.562585 | E67: 100 | F67: 102.3811 | G67: 105.82451 | H67: 110.05663 | I67: 114.33555 | J67: 120.14662 | K67: 121.27393 | L67: 124.86532
A68: Animales vivos | C68: 84.634261 | D68: 93.429167 | E68: 100 | F68: 103.5609 | G68: 106.90157 | H68: 110.46126 | I68: 113.91486 | J68: 118.90634 | K68: 120.05425 | L68: 123.6318
B69: Vacuno | C69: 85.95327 | D69: 92.43469 | E69: 100 | F69: 100.40239 | G69: 103.90039 | H69: 115.05355 | I69: 118.67777 | J69: 128.96685 | K69: 132.84906 | L69: 138.37832
B70: Ovino | C70: 84.528465 | D70: 94.392848 | E70: 100 | F70: 107.77826 | G70: 109.19367 | H70: 118.48519 | I70: 121.77468 | J70: 138.95227 | K70: 140.20092 | L70: 140.0785
B71: Caprino | C71: 87.891005 | D71: 94.346555 | E71: 100 | F71: 93.578534 | G71: 97.79674 | H71: 101.90154 | I71: 108.94203 | J71: 112.50647 | K71: 118.37923 | L71: 128.3195
B72: Alpaca | C72: 79.422626 | D72: 92.973597 | E72: 100 | F72: 108.92134 | G72: 116.95998 | H72: 128.6807 | I72: 141.42308 | J72: 152.53075 | K72: 157.13071 | L72: 154.38556
B73: Llama | C73: 80.154958 | D73: 93.795501 | E73: 100 | F73: 105.39385 | G73: 118.02077 | H73: 125.91838 | I73: 134.87708 | J73: 147.72889 | K73: 144.10124 | L73: 150.75972
B74: Porcino | C74: 83.126516 | D74: 92.307798 | E74: 100 | F74: 103.36906 | G74: 123.71636 | H74: 127.28127 | I74: 143.67118 | J74: 144.79581 | K74: 156.34774 | L74: 163.44555
B75: Ave | C75: 84.519294 | D75: 93.818939 | E75: 100 | F75: 104.2727 | G75: 105.03038 | H75: 105.57713 | I75: 106.81978 | J75: 109.59502 | K75: 108.22733 | L75: 110.96416
A76: Leche cruda | C76: 88.140901 | D76: 94.873926 | E76: 100 | F76: 101.10651 | G76: 104.0139 | H76: 109.87855 | I76: 116.99294 | J76: 121.57188 | K76: 124.78896 | L76: 129.80889
B77: Leche cruda de vaca | C77: 88.140901 | D77: 94.873926 | E77: 100 | F77: 101.10651 | G77: 104.0139 | H77: 109.87855 | I77: 116.99294 | J77: 121.57188 | K77: 124.78896 | L77: 129.80889
A78: Huevos de gallina u otras aves, con cáscara, frescos | C78: 79.38518 | D78: 97.832737 | E78: 100 | F78: 95.880767 | G78: 99.45712 | H78: 106.48786 | I78: 111.0063 | J78: 124.42107 | K78: 122.2818 | L78: 123.57293
B79: Huevo de gallina | C79: 79.38518 | D79: 97.832737 | E79: 100 | F79: 95.880767 | G79: 99.45712 | H79: 106.48786 | I79: 111.0063 | J79: 124.42107 | K79: 122.2818 | L79: 123.57293
A80: Otros productos de animales | C80: 119.02195 | D80: 134.49404 | E80: 100 | F80: 108.9908 | G80: 126.75076 | H80: 122.53241 | I80: 137.40601 | J80: 139.20085 | K80: 140.65096 | L80: 147.14931
B81: Fibra alpaca | C81: 139.78414 | D81: 160.78143 | E81: 100 | F81: 114.37903 | G81: 133.70281 | H81: 137.2344 | I81: 143.74012 | J81: 155.04941 | K81: 155.50863 | L81: 158.45583
B82: Fibra llama | C82: 106.2209 | D82: 125.72942 | E82: 100 | F82: 115.71888 | G82: 112.58772 | H82: 112.32855 | I82: 118.40268 | J82: 120.43474 | K82: 124.90982 | L82: 129.33192
B83: Lana | C83: 104.40831 | D83: 115.42451 | E83: 100 | F83: 104.43272 | G83: 122.60982 | H83: 112.27107 | I83: 134.09772 | J83: 128.73084 | K83: 130.69452 | L83: 140.01729
A84: Fuente: SIEA

Sheet C.5
A1: C.5 PERÚ: SUPERFICIE COSECHADA POR PRODUCTO SEGÚN AÑO, 2012-2016
A2: (Miles hectáreas)
A4: Producto | C4: 2012 | D4: 2013 | E4: 2014 | F4: 2015 | G4: 2016 | H4: Var. % 2012-2016 | I4: % 2016/ 2015
A5: PRODUCTOS DE LA AGRICULTURA, HORTICULTURA Y JARDINERÍA COMERCIAL | C5: 4055.1541 | D5: 4124.9314 | E5: 4071.2732 | F5: 4194.7369 | G5: 4132.45 | H5: 0.4731598 | I5: -1.4848827
A6: Cereales | C6: 1262.7367 | D6: 1281.0569 | E6: 1248.5909 | F6: 1292.0752 | G6: 1239.0717 | H6: -0.47185499 | I6: -4.1021968 | K6: Semillas aceiteras y frutos oleaginosos | L6: 76.53346
B7: Trigo | C7: 151.95237 | D7: 153.64665 | E7: 140.7365 | F7: 138.35713 | G7: 127.17975 | H7: -4.3516191 | I7: -8.078644 | K7: Cultivos de azúcar | L7: 121.90502
B8: Maíz amarillo duro | C8: 294.8432 | D8: 293.71825 | E8: 271.0849 | F8: 297.58817 | G8: 267.5755 | H8: -2.396856 | I8: -10.085303 | K8: Legumbres | L8: 216.23157
B9: Maíz amiláceo | C9: 209.27329 | D9: 216.83233 | E9: 212.9617 | F9: 216.24556 | G9: 197.31152 | H9: -1.4606574 | I9: -8.7558052 | K9: Hortalizas | L9: 231.57546
B10: Maíz morado | C10: 3.73516 | D10: 3.5434 | E10: 3.183 | F10: 3.772 | G10: 3.88265 | H10: 0.9728834 | I10: 2.9334571 | K10: Frutas y nueces | L10: 441.35027
B11: Arroz | C11: 393.89029 | D11: 395.03028 | E11: 381.36792 | F11: 399.501 | G11: 419.56325 | H11: 1.5910716 | I11: 5.0218272 | K11: Raíces y tubérculos comestibles | L11: 485.51664
B12: Sorgo grano | C12: 0.035 | D12: 0.039 | E12: 0.095 | F12: 0.039 | G12: 0.044 | H12: 5.8878568 | I12: 12.820513 | K12: Cultivos estimulantes, de especias y aromáticos | L12: 517.44636
B13: Cebada grano | C13: 151.2135 | D13: 154.12658 | E13: 150.82625 | F13: 145.8369 | G13: 135.74388 | H13: -2.661999 | I13: -6.9207581 | K13: Productos de forraje, fibras, plantas vivas, flores | L13: 802.8195
B14: Avena grano | C14: 11.18275 | D14: 11.3435 | E14: 12.442 | F14: 12.998 | G14: 15.7932 | H14: 9.0135242 | I14: 21.504847 | K14: Cereales | L14: 1239.0717
B15: Quinua | C15: 38.49817 | D15: 44.86787 | E15: 68.14035 | F15: 69.302949 | G15: 64.22319 | H15: 13.648301 | I15: -7.3297877
B16: Kiwicha | C16: 1.718 | D16: 1.633 | E16: 1.35925 | F16: 2.2895 | G16: 1.5998 | H16: -1.7662704 | I16: -30.124481
B17: Cañihua | C17: 6.395 | D17: 6.276 | E17: 6.394 | F17: 6.145 | G17: 6.155 | H17: -0.95173395 | I17: 0.16273393
A18: Hortalizas | C18: 227.43506 | D18: 234.40398 | E18: 230.20416 | F18: 236.70658 | G18: 231.57546 | H18: 0.45204452 | I18: -2.1677141
B19: Espárrago | C19: 33.063 | D19: 33.673 | E19: 31.91915 | F19: 33.86955 | G19: 31.967 | H19: -0.83922646 | I19: -5.6172875
B20: Col | C20: 2.89248 | D20: 2.8027 | E20: 2.740834 | F20: 2.71595 | G20: 2.54612 | H20: -3.1382913 | I20: -6.2530606
B21: Coliflor | C21: 1.3452 | D21: 1.58306 | E21: 1.356 | F21: 1.60288 | G21: 1.60225 | H21: 4.4686194 | I21: -0.039304252
B22: Brócoli | C22: 2.985 | D22: 3.40325 | E22: 3.70775 | F22: 4.09 | G22: 4.154 | H22: 8.6126823 | I22: 1.5647922
B23: Lechuga | C23: 4.81486 | D23: 5.51531 | E23: 5.856719 | F23: 6.40033 | G23: 6.7411 | H23: 8.7769247 | I23: 5.3242567
B24: Espinaca | C24: 1.6137 | D24: 1.6526 | E24: 1.7095 | F24: 1.7152 | G24: 1.618 | H24: 0.066550627 | I24: -5.6669776
B25: Alcachofa | C25: 7.89347 | D25: 5.86025 | E25: 5.2903289 | F25: 5.51325 | G25: 6.0925 | H25: -6.2692928 | I25: 10.506507
B26: Acelga | C26: 0.7952 | D26: 0.7316 | E26: 0.606 | F26: 0.5845 | G26: 0.5275 | H26: -9.7522209 | I26: -9.7519247
B27: Culantro | C27: 1.65075 | D27: 1.697 | E27: 1.7622 | F27: 2.0791 | G27: 1.9517 | H27: 4.275658 | I27: -6.1276514
B28: Perejil | C28: 0.3988 | D28: 0.3531 | E28: 0.2775 | F28: 0.31968 | G28: 0.3125 | H28: -5.9142789 | I28: -2.245996
B29: Sandia | C29: 3.63395 | D29: 3.3914 | E29: 3.22954 | F29: 3.4047 | G29: 3.52997 | H29: -0.72314361 | I29: 3.6793256
B30: Melón | C30: 1.0677 | D30: 1.0355 | E30: 1.01455 | F30: 1.1154 | G30: 1.2369 | H30: 3.7459942 | I30: 10.892953
... B55: Apio | C55: 1.3582 | D55: 1.50295 | E55: 1.52295 | F55: 1.5445 | G55: 1.74375 | H55: 6.4461905 | I55: 12.900615
A56: Frutas y nueces | C56: 399.06296 | D56: 422.31389 | E56: 426.68313 | F56: 438.80935 | G56: 441.35027 | H56: 2.5499597 | I56: 0.57904828
B57: Palta | C57: 23.642 | D57: 25.75 | E57: 30.319729 | F57: 33.988829 | G57: 37.871179 | H57: 12.500941 | I57: 11.422429
B58: Banano y plátano | C58: 157.12 | D58: 164.995 | E58: 166.03832 | F58: 167.83912 | G58: 160.6462 | H58: 0.55640689 | I58: -4.285604
B59: Dátil | C59: 0.105 | D59: 0.105 | E59: 0.071 | F59: 0.071 | G59: 0.085 | H59: -5.1456163 | I59: 19.71831
B60: Higo | C60: 0.58125 | D60: 0.57175 | E60: 0.53975 | F60: 0.54075 | G60: 0.52425 | H60: -2.5473017 | I60: -3.0513176
B61: Mango | C61: 26.983 | D61: 31.741 | E61: 31.18341 | F61: 29.73338 | G61: 22.09199 | H61: -4.8768658 | I61: -25.699702
B62: Guayaba | C62: 0.940557 | D62: 0.984478 | E62: 1.01239 | F62: 0.98972 | G62: 0.98145 | H62: 1.0696507 | I62: -0.83558986
B63: Papaya | C63: 9.7 | D63: 12.025 | E63: 12.48797 | F63: 11.35008 | G63: 12.328449 | H63: 6.1779112 | I63: 8.6199304
B64: Piña | C64: 15.967 | D64: 15.629 | E64: 15.917338 | F64: 15.18196 | G64: 14.8831 | H64: -1.7420908 | I64: -1.9685205
B65: Maracuyá | C65: 4.600139 | D65: 4.38786 | E65: 4.13424 | F65: 4.59954 | G65: 4.99424 | H65: 2.076228 | I65: 8.5812929
B66: Granadilla | C66: 4.373658 | D66: 5.33328 | E66: 5.537689 | F66: 5.84103 | G66: 6.202989 | H66: 9.1287166 | I66: 6.1968351
B67: Tumbo | C67: 0.1582 | D67: 0.1805 | E67: 0.1625 | F67: 0.1565 | G67: 0.1672 | H67: 1.3928775 | I67: 6.8370607
B68: Chirimoya | C68: 2.97995 | D68: 3.1557 | E68: 3.2232 | F68: 3.1437 | G68: 3.6987 | H68: 5.5504362 | I68: 17.654356
... B116: Huasai | C116: 0.207 | D116: 0.208 | E116: 0.222 | F116: 0.223 | G116: 0.226 | H116: 2.2196815 | I116: 1.3452915
A117: Semillas aceiteras y frutos oleaginosos | C117: 60.226 | D117: 60.459 | E117: 63.10343 | F117: 68.115249 | G117: 76.53346 | H117: 6.1736706 | I117: 12.358776
B118: Soya | C118: 1.236 | D118: 1.516 | E118: 1.1692 | F118: 1.0603 | G118: 0.7908 | H118: -10.564066 | I118: -25.417335
B119: Maní con cáscara | C119: 3.8345 | D119: 4.0885 | E119: 3.7585 | F119: 3.5248 | G119: 4.0885 | H119: 1.6164024 | I119: 15.992397
B120: Aceituna | C120: 13.288 | D120: 16.444 | E120: 17.0047 | F120: 17.226 | G120: 17.1185 | H120: 6.5372597 | I120: -0.62405666
B121: Coco con cáscara | C121: 2.432 | D121: 2.456 | E121: 2.4432 | F121: 2.44182 | G121: 2.34498 | H121: -0.9067909 | I121: -3.9658943
B122: Palma aceitera | C122: 37.852 | D122: 34.531 | E122: 37.56733 | F122: 43.139829 | G122: 51.05666 | H122: 7.7682653 | I122: 18.351559
B123: Sacha inchi | C123: 1.5835 | D123: 1.4235 | E123: 1.1605 | F123: 0.7225 | G123: 1.13402 | H123: -8.0078728 | I123: 56.957785
A124: Raíces y tubérculos comestibles con alto contenido en almidón o inulina | C124: 477.34427 | D124: 488.15694 | E124: 488.48479 | F124: 495.89205 | G124: 485.51664 | H124: 0.42529162 | I124: -2.0922721
B125: Papa | C125: 312.37015 | D125: 317.04399 | E125: 318.37969 | F125: 316.53516 | G125: 310.69828 | H125: -0.13407444 | I125: -1.843991
B126: Yuca | C126: 92.44329 | D126: 99.0538 | E126: 97.941801 | F126: 101.45254 | G126: 99.108929 | H126: 1.7558409 | I126: -2.3100565
B127: Camote | C127: 17.41261 | D127: 15.9213 | E127: 16.10795 | F127: 16.35605 | G127: 15.1412 | H127: -3.4340303 | I127: -7.4275268
B128: Pituca | C128: 1.8633 | D128: 1.9122 | E128: 2.2175 | F128: 2.64215 | G128: 2.3548 | H128: 6.0273265 | I128: -10.875613
B129: Maca | C129: 2.52 | D129: 2.88 | E129: 2.839 | F129: 7.922 | G129: 8.607 | H129: 35.944867 | I129: 8.6468064
B130: Arracacha | C130: 3.33125 | D130: 3.3731 | E130: 3.444 | F130: 3.28175 | G130: 3.1864 | H130: -1.1052432 | I130: -2.905462
B131: Oca | C131: 14.73425 | D131: 14.71675 | E131: 14.07325 | F131: 14.43295 | G131: 13.89425 | H131: -1.4567756 | I131: -3.7324317
B132: Mashua | C132: 5.04975 | D132: 4.971 | E132: 4.6376 | F132: 4.5455 | G132: 4.8405 | H132: -1.0524406 | I132: 6.4899351
B133: Olluco | C133: 27.61967 | D133: 28.2848 | E133: 28.844 | F133: 28.72395 | G133: 27.68528 | H133: 0.059334195 | I133: -3.6160417
A134: Cultivos estimulantes, de especias y aromáticos | C134: 492.077 | D134: 505.3525 | E134: 475.89094 | F134: 505.77147 | G134: 517.44636 | H134: 1.264697 | I134: 2.3083333
B135: Café pergamino | C135: 390.523 | D135: 399.636 | E135: 361.6705 | F135: 379.18691 | G135: 383.97265 | H135: -0.42199559 | I135: 1.2621061
B136: Té | C136: 2.237 | D136: 2.229 | E136: 2.231 | F136: 2.139 | G136: 2.08 | H136: -1.8027473 | I136: -2.7582983
B137: Cacao | C137: 91.497 | D137: 97.611 | E137: 106.63494 | F137: 120.37446 | G137: 125.57991 | H137: 8.2376434 | I137: 4.3243808
B138: Paprika | C138: 7.2755 | D138: 5.3815 | E138: 4.8705 | F138: 3.6253 | G138: 5.4128 | H138: -7.1269338 | I138: 49.306264
B139: Albahaca | C139: 0.5445 | D139: 0.495 | E139: 0.484 | F139: 0.4458 | G139: 0.401 | H139: -7.3625435 | I139: -10.049349
A140: Legumbres (hortalizas leguminosas secas) | C140: 245.57242 | D140: 233.90991 | E140: 222.6335 | F140: 230.41535 | G140: 216.23157 | H140: -3.1309864 | I140: -6.155744
B141: Frijol seco | C141: 81.68036 | D141: 81.23015 | E141: 76.77 | F141: 78.57075 | G141: 70.9455 | H141: -3.4612208 | I141: -9.7049475
B142: Pallar seco | C142: 8.02658 | D142: 5.6786 | E142: 6.8042 | F142: 8.44709 | G142: 7.43195 | H142: -1.9058609 | I142: -12.01763
B143: Loctao seco | C143: 0.115 | D143: 0.012 | E143: 0.04 | F143: 0.19 | G143: 0.188 | H143: 13.074585 | I143: -1.0526316
B144: Haba seca | C144: 55.838031 | D144: 57.479409 | E144: 58.26105 | F144: 57.8726 | G144: 53.91112 | H144: -0.87411797 | I144: -6.8451737
B145: Garbanzo | C145: 2.404 | D145: 2.479 | E145: 1.38155 | F145: 1.69663 | G145: 0.4335 | H145: -34.835111 | I145: -74.44935
B146: Lenteja | C146: 3.953 | D146: 4.194 | E146: 3.409 | F146: 3.173 | G146: 2.623 | H146: -9.7457069 | I146: -17.333754
B147: Arveja seca | C147: 52.94545 | D147: 53.30875 | E147: 49.397 | F147: 50.53432 | G147: 48.1522 | H147: -2.344463 | I147: -4.7138657
B148: Caupí | C148: 25.777 | D148: 15.46 | E148: 12.77865 | F148: 16.2936 | G148: 17.3118 | H148: -9.4731386 | I148: 6.2490794
B149: Frijol de palo | C149: 3.12 | D149: 2.053 | E149: 1.979 | F149: 1.249 | G149: 1.777 | H149: -13.127322 | I149: 42.273819
B150: Tarhui | C150: 9.657 | D150: 9.625 | E150: 9.53705 | F150: 10.188859 | G150: 11.1145 | H150: 3.5766653 | I150: 9.0848347
B151: Zarandaja | C151: 2.056 | D151: 2.39 | E151: 2.276 | F151: 2.1995 | G151: 2.343 | H151: 3.3206892 | I151: 6.52421
A152: Cultivos de azúcar | C152: 115.69625 | D152: 121.24934 | E152: 129.06543 | F152: 119.01879 | G152: 121.90502 | H152: 1.3154265 | I152: 2.4250188
B153: Caña para azucar | C153: 81.126011 | D153: 82.20523 | E153: 90.356965 | F153: 84.574099 | G153: 87.69627 | H153: 1.9659688 | I153: 3.6916397
B154: Caña para alcohol | C154: 25.690726 | D154: 26.21972 | E154: 26.91427 | F154: 26.98185 | G154: 25.392747 | H154: -0.2912373 | I154: -5.8895257
B155: Caña para etanol | C155: 8.87951 | D155: 12.82439 | E155: 11.79419 | F155: 7.46284 | G155: 8.816 | H155: -0.17929215 | I155: 18.131971
A156: Productos de forraje, fibras, plantas vivas, flores y capullos de flores, tabaco en rama, y caucho natural | C156: 775.00345 | D156: 778.02897 | E156: 786.61697 | F156: 807.93289 | G156: 802.8195 | H156: 0.88545777 | I156: -0.63289811
B157: Maíz chala | C157: 35.0503 | D157: 35.6505 | E157: 34.6663 | F157: 35.336 | G157: 34.88525 | H157: -0.11793213 | I157: -1.2756113
B158: Alfalfa | C158: 153.753 | D158: 159.892 | E158: 157.43898 | F158: 166.71521 | G158: 169.77316 | H158: 2.5088493 | I158: 1.8342358
B159: Cebada forrajera | C159: 19.22707 | D159: 21.728599 | E159: 22.18076 | F159: 22.20682 | G159: 21.34675 | H159: 2.6489861 | I159: -3.8729994
B160: Avena forrajera | C160: 77.495 | D160: 79.82357 | E160: 81.743379 | F160: 83.38345 | G160: 81.4513 | H160: 1.2525768 | I160: -2.3171864
B161: Gramalote | C161: 15.8173 | D161: 15.7253 | E161: 15.6623 | F161: 15.6265 | G161: 15.605 | H161: -0.33725257 | I161: -0.13758679
B162: Pasto elefante | C162: 55.87834 | D162: 56.85432 | E162: 56.48875 | F162: 56.45208 | G162: 52.87758 | H162: -1.3704575 | I162: -6.331919
B163: Grama chilena | C163: 16.99486 | D163: 16.9848 | E163: 17.04856 | F163: 16.96186 | G163: 16.96086 | H163: -0.050052689 | I163: -0.0058955798
B164: Braquiaria | C164: 289.57005 | D164: 299.837 | E164: 309.853 | F164: 321.5345 | G164: 329.88509 | H164: 3.312355 | I164: 2.5971054
B165: Rye grass | C165: 39.23475 | D165: 39.51815 | E165: 39.82535 | F165: 41.6526 | G165: 40.811 | H165: 0.98958481 | I165: -2.0205221
B166: Trébol | C166: 9.06835 | D166: 9.1703 | E166: 9.1517 | F166: 9.3187 | G166: 9.835 | H166: 2.0496507 | I166: 5.5404724
B167: Grama azul | C167: 6.79 | D167: 7.538 | E167: 7.553 | F167: 7.979 | G167: 7.896 | H167: 3.8447013 | I167: -1.0402306
B168: Algodón | C168: 50.685 | D168: 31.391 | E168: 31.45021 | F168: 26.92799 | G168: 18.098828 | H168: -22.69764 | I168: -32.788047
... B170: Marigold | C170: 2.503 | D170: 0.435 | E170: 0.041 | F170: 0.188 | G170: 0.015 | H170: -72.176766 | I170: -92.021277
A171: Fuente: SIEA

Sheet C.6
A1: C.6 PERÚ: PRODUCCIÓN AGRÍCOLA POR PRODUCTO SEGÚN AÑO, 2012-2016
A2: (Miles toneladas)
A4: Producto | C4: 2012 | D4: 2013 | E4: 2014 | F4: 2015 | G4: 2016 | H4: % 2012-2016 | I4: % 2016/ 2015
A5: Cereales
B6: Trigo | C6: 226.21846 | D6: 230.11206 | E6: 218.90376 | F6: 214.84862 | G6: 191.10827 | H6: -4.1288665 | I6: -11.0498 | K6: Marigold | L6: -0.72998326
B7: Maíz amarillo duro | C7: 1392.9717 | D7: 1364.6633 | E7: 1227.5619 | F7: 1438.5624 | G7: 1232.383 | H7: -3.0158308 | I7: -14.332326 | K7: Garbanzo | L7: -0.35207337
B8: Maíz amiláceo | C8: 280.90195 | D8: 307.48076 | E8: 302.07438 | F8: 307.86517 | G8: 277.42609 | H8: -0.3107936 | I8: -9.887145 | K8: Piquillo | L8: -0.20752685
B9: Maíz morado | C9: 18.506417 | D9: 20.117286 | E9: 17.960068 | F9: 21.160248 | G9: 21.356781 | H9: 3.6461949 | I9: 0.92878401 | K9: Algodón | L9: -0.20039032
B10: Arroz con cascarilla | C10: 3043.3305 | D10: 3046.7727 | E10: 2896.6127 | F10: 3151.4084 | G10: 3165.749 | H10: 0.99080666 | I10: 0.45505216 | K10: Sacha inchi | L10: -0.14964009
B11: Sorgo grano | C11: 0.125 | D11: 0.149 | E11: 0.418 | F11: 0.157109 | G11: 0.16756 | H11: 7.600697 | I11: 6.6520696 | K11: Zapote | L11: -0.14595538
B12: Cebada grano | C12: 214.48874 | D12: 224.53309 | E12: 226.31003 | F12: 227.16845 | G12: 204.4972 | H12: -1.1854917 | I12: -9.9799302 | K12: Perejil | L12: -0.13077512
B13: Avena grano | C13: 13.401337 | D13: 13.28715 | E13: 14.672108 | F13: 15.908088 | G13: 20.845869 | H13: 11.678088 | I13: 31.039437 | K13: Olivo | L13: -0.11736161
B14: Quinua | C14: 44.2126 | D14: 52.129766 | E14: 114.72468 | F14: 105.66575 | G14: 79.268806 | H14: 15.714842 | I14: -24.981548 | K14: Soya | L14: -0.11657105
B15: Kiwicha | C15: 2.751808 | D15: 2.506499 | E15: 2.356449 | F15: 4.848368 | G15: 2.724929 | H15: -0.24509359 | I15: -43.796985 | K15: Lenteja | L15: -0.11292721
B16: Cañihua | C16: 4.940379 | D16: 4.64425 | E16: 4.86794 | F16: 4.733859 | G16: 4.56503 | H16: -1.9560404 | I16: -3.5664138 | K16: Caupí | L16: -0.10211609
A17: Hortalizas | K17: Acelga | L17: -0.10005709
B18: Espárrago | C18: 375.97771 | D18: 383.14373 | E18: 377.70097 | F18: 369.03205 | G18: 378.30579 | H18: 0.1544437 | I18: 2.5129901 | K18: Paprika | L18: -0.097413703
B19: Col | C19: 40.045495 | D19: 39.773444 | E19: 39.264908 | F19: 39.563524 | G19: 37.794905 | H19: -1.4356419 | I19: -4.4703273 | K19: Brocoli | L19: 0.10281667
B20: Coliflor | C20: 18.353264 | D20: 21.097008 | E20: 17.546929 | F20: 19.517261 | G20: 19.23021 | H20: 1.1737107 | I20: -1.4707545 | K20: Copoazu | L20: 0.11285385
B21: Brocoli | C21: 37.29866 | D21: 43.38335 | E21: 48.800535 | F21: 54.52703 | G21: 55.170448 | H21: 10.281667 | I21: 1.1799983 | K21: Avena grano | L21: 0.11678088
B22: Lechuga | C22: 53.130168 | D22: 59.925284 | E22: 64.320246 | F22: 68.624245 | G22: 73.559433 | H22: 8.4736605 | I22: 7.1916099 | K22: Chirimoya | L22: 0.11794475
B23: Espinaca | C23: 29.373122 | D23: 29.77574 | E23: 29.883187 | F23: 30.018087 | G23: 28.534803 | H23: -0.7212747 | I23: -4.9413009 | K23: Granadilla | L23: 0.13336151
B24: Alcachofa | C24: 141.7075 | D24: 112.93257 | E24: 103.34811 | F24: 89.98298 | G24: 108.80133 | H24: -6.3925657 | I24: 20.913233 | K24: Palta | L24: 0.14117061
B25: Acelga | C25: 11.404759 | D25: 10.625787 | E25: 8.973752 | F25: 8.393938 | G25: 7.480764 | H25: -10.005709 | I25: -10.87897 | K25: Cacao | L25: 0.1463616
B26: Culantro | C26: 22.215649 | D26: 21.560002 | E26: 22.320741 | F26: 23.64906 | G26: 21.958812 | H26: -0.29028869 | I26: -7.1472101 | K26: Quinua | L26: 0.15714842
B27: Perejil | C27: 7.93944 | D27: 4.555719 | E27: 4.681608 | F27: 5.0733 | G27: 4.532298 | H27: -13.077512 | I27: -10.66371 | K27: Uva | L27: 0.17508004
B28: Sandia | C28: 94.93389 | D28: 91.216984 | E28: 91.370234 | F28: 95.797327 | G28: 85.679719 | H28: -2.5315209 | I28: -10.561472 | K28: Rocoto | L28: 0.18781867
B29: Melón | C29: 21.052825 | D29: 20.578497 | E29: 21.115785 | F29: 22.340887 | G29: 21.148228 | H29: 0.11309801 | I29: -5.3384586 | K29: Mango | L29: 0.19173183
... B35: Berenjena | C35: 0.4159 | D35: 0.2751 | E35: 0.3216 | F35: 0.43115 | G35: 0.361 | H35: -3.4772759 | I35: -16.27044 | K35: Arándano | L35: 2.8104195
B36: Tomate | C36: 229.35647 | D36: 253.58841 | E36: 265.94804 | F36: 236.28717 | G36: 232.89789 | H36: 0.38380148 | I36: -1.4343931
B37: Calabaza | C37: 11.709299 | D37: 13.400627 | E37: 13.07148 | F37: 13.48074 | G37: 13.59533 | H37: 3.8041495 | I37: 0.85002752
B38: Zapallo macre | C38: 209.89753 | D38: 219.48711 | E38: 237.20437 | F38: 239.59402 | G38: 206.88766 | H38: -0.3604373 | I38: -13.650741
B39: Caigua | C39: 6.315017 | D39: 6.70723 | E39: 6.032186 | F39: 8.112705 | G39: 7.245786 | H39: 3.4969961 | I39: -10.685943
B40: Vainita | C40: 17.133389 | D40: 18.85365 | E40: 16.840275 | F40: 22.702565 | G40: 19.908544 | H40: 3.8243106 | I40: -12.307072
B41: Frijol verde | C41: 12.035612 | D41: 14.954386 | E41: 14.996228 | F41: 15.831896 | G41: 14.734398 | H41: 5.1879653 | I41: -6.9321956
B42: Pallar verde | C42: 4.74226 | D42: 5.497039 | E42: 5.15733 | F42: 6.16453 | G42: 5.33299 | H42: 2.9784503 | I42: -13.489106
B43: Arveja verde | C43: 117.37716 | D43: 130.06515 | E43: 133.65849 | F43: 135.33515 | G43: 120.12533 | H43: 0.58025805 | I43: -11.238637
B44: Haba verde | C44: 65.447915 | D44: 68.621206 | E44: 68.327258 | F44: 71.242818 | G44: 64.340522 | H44: -0.42571626 | I44: -9.6884096
B45: Zanahoria | C45: 179.7282 | D45: 178.20719 | E45: 173.32939 | F45: 176.22026 | G45: 172.24431 | H45: -1.0576634 | I45: -2.2562417
B46: Nabo | C46: 11.542833 | D46: 11.046215 | E46: 11.692997 | F46: 9.50509 | G46: 8.814378 | H46: -6.5197609 | I46: -7.2667592
B47: Ajo | C47: 82.164948 | D47: 81.407317 | E47: 81.504862 | F47: 89.752263 | G47: 78.20539 | H47: -1.2271636 | I47: -12.865272
... B54: Apio | C54: 25.119618 | D54: 27.287448 | E54: 28.21475 | F54: 28.609159 | G54: 31.291748 | H54: 5.6462773 | I54: 9.376679
A55: Frutas y nueces
B56: Palta | C56: 268.52527 | D56: 288.85304 | E56: 349.31716 | F56: 376.60161 | G56: 455.39417 | H56: 14.117061 | I56: 20.921995
B57: Banano y plátano | C57: 2082.0893 | D57: 2113.8057 | E57: 2125.8389 | F57: 2145.3608 | G57: 2073.9947 | H57: -0.097335331 | I57: -3.3265345
B58: Dátil | C58: 0.1675 | D58: 0.2304 | E58: 0.20645 | F58: 0.1917 | G58: 0.21741 | H58: 6.737291 | I58: 13.411581
B59: Higo | C59: 2.990152 | D59: 3.03862 | E59: 2.663315 | F59: 2.569744 | G59: 2.674335 | H59: -2.7520096 | I59: 4.0700941
B60: Mango | C60: 185.18233 | D60: 458.76627 | E60: 375.99816 | F60: 345.97894 | G60: 373.51987 | H60: 19.173183 | I60: 7.9602897
B61: Guayaba | C61: 3.815172 | D61: 4.011199 | E61: 4.144537 | F61: 3.825701 | G61: 3.862069 | H61: 0.30589945 | I61: 0.95062317
B62: Papaya | C62: 123.83377 | D62: 152.07689 | E62: 148.28032 | F62: 144.72982 | G62: 169.43732 | H62: 8.1539783 | I62: 17.071465
B63: Piña | C63: 436.80713 | D63: 448.88447 | E63: 455.29661 | F63: 450.63489 | G63: 461.28595 | H63: 1.3724932 | I63: 2.363568
B64: Maracuyá | C64: 50.083752 | D64: 39.168416 | E64: 39.148834 | F64: 59.57969 | G64: 55.779491 | H64: 2.7293222 | I64: -6.3783464
B65: Granadilla | C65: 30.769877 | D65: 45.222746 | E65: 47.487012 | F65: 49.319667 | G65: 50.769116 | H65: 13.336151 | I65: 2.9388864
B66: Tumbo | C66: 1.158908 | D66: 1.363345 | E66: 1.172435 | F66: 1.137677 | G66: 1.235681 | H66: 1.616528 | I66: 8.6143958
B67: Chirimoya | C67: 15.857321 | D67: 22.152563 | E67: 17.702471 | F67: 18.904541 | G67: 24.769154 | H67: 11.794475 | I67: 31.022245
... B115: Huasai | C115: 0.645 | D115: 0.705 | E115: 0.735 | F115: 0.7635 | G115: 0.7811 | H115: 4.9027156 | I115: 2.3051735
A116: Semillas aceiteras y frutos oleaginosos
B117: Soya | C117: 2.251234 | D117: 2.713031 | E117: 2.118788 | F117: 1.910933 | G117: 1.37122 | H117: -11.657105 | I117: -28.243429
B118: Maní con cáscara | C118: 6.006398 | D118: 6.530824 | E118: 6.246286 | F118: 6.056762 | G118: 6.976936 | H118: 3.8156095 | I118: 15.192507
B119: Olivo | C119: 92.527326 | D119: 57.767926 | E119: 151.92722 | F119: 38.42747 | G119: 56.15666 | H119: -11.736161 | I119: 46.136761
B120: Coco con cáscara | C120: 33.5767 | D120: 34.593348 | E120: 34.946046 | F120: 34.103613 | G120: 32.353157 | H120: -0.92372642 | I120: -5.1327582
B121: Palma aceitera | C121: 518.1387 | D121: 566.58304 | E121: 617.63354 | F121: 684.30113 | G121: 736.34477 | H121: 9.183948 | I121: 7.6053706
B122: Sacha inchi | C122: 2.97301 | D122: 3.12423 | E122: 2.70279 | F122: 1.82674 | G122: 1.55456 | H122: -14.964009 | I122: -14.899767
A123: Raíces y tubérculos comestibles con alto contenido en almidón o inulina
B124: Papa | C124: 4474.7127 | D124: 4569.6294 | E124: 4704.9874 | F124: 4715.9303 | G124: 4514.2393 | H124: 0.22010546 | I124: -4.276802
B125: Yuca | C125: 1118.489 | D125: 1191.5961 | E125: 1195.9258 | F125: 1230.0359 | G125: 1180.955 | H125: 1.3678889 | I125: -3.9902023
B126: Camote | C126: 304.00895 | D126: 292.12379 | E126: 278.29342 | F126: 288.16399 | G126: 269.67043 | H126: -2.951967 | I126: -6.4177217
B127: Pituca | C127: 13.603562 | D127: 13.934514 | E127: 16.115606 | F127: 20.153357 | G127: 18.974731 | H127: 8.6752748 | I127: -5.8482862
B128: Maca | C128: 18.994 | D128: 22.68384 | E128: 21.2671 | F128: 58.214679 | G128: 55.466249 | H128: 30.723327 | I128: -4.7211976
B129: Arracacha | C129: 22.082842 | D129: 23.433292 | E129: 24.10006 | F129: 22.442364 | G129: 21.310549 | H129: -0.88601947 | I129: -5.0432076
B130: Oca | C130: 92.876116 | D130: 94.686895 | E130: 90.885478 | F130: 94.696993 | G130: 92.796589 | H130: -0.021413619 | I130: -2.0068261
B131: Mashua | C131: 31.412658 | D131: 31.11257 | E131: 29.146691 | F131: 30.25152 | G131: 33.098209 | H131: 1.3152807 | I131: 9.4100693
B132: Olluco | C132: 180.72807 | D132: 186.21113 | E132: 189.89513 | F132: 193.39625 | G132: 184.70515 | H132: 0.54566514 | I132: -4.493933
A133: Cultivos estimulantes, de especias y aromáticos
B134: Café pergamino | C134: 320.16356 | D134: 256.83179 | E134: 222.04701 | F134: 251.93842 | G134: 277.7604 | H134: -3.4894913 | I134: 10.249321
B135: Té | C135: 3.43404 | D135: 4.31947 | E135: 3.873789 | F135: 3.784969 | G135: 3.30747 | H135: -0.93445319 | I135: -12.615665
B136: Cacao | C136: 62.49158 | D136: 71.83799 | E136: 81.651081 | F136: 92.592312 | G136: 107.92151 | H136: 14.63616 | I136: 16.555586
B137: Paprika | C137: 46.83802 | D137: 35.881576 | E137: 34.469989 | F137: 21.378368 | G137: 31.085186 | H137: -9.7413703 | I137: 45.40486
B138: Albahaca | C138: 7.86961 | D138: 6.49574 | E138: 6.513447 | F138: 5.499954 | G138: 5.30939 | H138: -9.3698175 | I138: -3.464829
A139: Legumbres (hortalizas leguminosas secas)
B140: Frijol | C140: 92.475705 | D140: 92.951857 | E140: 89.516957 | F140: 89.574816 | G140: 80.886753 | H140: -3.291992 | I140: -9.6992251
B141: Pallar seco | C141: 14.441478 | D141: 9.308477 | E141: 11.826294 | F141: 11.291068 | G141: 13.099818 | H141: -2.4081828 | I141: 16.0193
B142: Loctao | C142: 0.2194 | D142: 0.018 | E142: 0.0583 | F142: 0.281 | G142: 0.2855 | H142: 6.8051938 | I142: 1.6014235
B143: Haba seca | C143: 73.698067 | D143: 78.67522 | E143: 81.144444 | F143: 80.5256 | G143: 71.918587 | H143: -0.60918261 | I143: -10.688543
B144: Garbanzo | C144: 2.801409 | D144: 3.266998 | E144: 1.598689 | F144: 2.347754 | G144: 0.493719 | H144: -35.207337 | I144: -78.970582
B145: Lenteja | C145: 3.740269 | D145: 4.03746 | E145: 3.287919 | F145: 2.973167 | G145: 2.316007 | H145: -11.292721 | I145: -22.10303
B146: Arveja seca | C146: 53.048005 | D146: 54.348358 | E146: 52.441995 | F146: 53.156567 | G146: 50.15391 | H146: -1.39273 | I146: -5.6487038
B147: Caupí | C147: 37.234068 | D147: 18.809655 | E147: 17.587529 | F147: 19.434838 | G147: 24.200328 | H147: -10.211609 | I147: 24.520348
B148: Frijol de palo | C148: 2.986055 | D148: 2.876354 | E148: 2.865944 | F148: 1.923985 | G148: 3.055108 | H148: 0.57318208 | I148: 58.790635
B149: Tarhui | C149: 11.74597 | D149: 12.042216 | E149: 12.155588 | F149: 13.305068 | G149: 14.01922 | H149: 4.5222478 | I149: 5.3675186
B150: Zarandaja | C150: 3.24435 | D150: 2.8185 | E150: 2.702931 | F150: 3.0832 | G150: 3.36542 | H150: 0.92015129 | I150: 9.1534769
A151: Cultivos de azúcar
B152: Caña para azúcar | C152: 10368.866 | D152: 10992.24 | E152: 11389.617 | F152: 10211.856 | G152: 9832.5256 | H152: -1.3190206 | I152: -3.7146104
B153: Caña para alcohol | C153: 953.59147 | D153: 949.28048 | E153: 931.8598 | F153: 914.88818 | G153: 826.79911 | H153: -3.5039781 | I153: -9.6283978
B154: Caña para etanol | C154: 1237.4636 | D154: 1748.3379 | E154: 1454.2826 | F154: 1251.9251 | G154: 1225.4 | H154: -0.24461232 | I154: -2.1187457
A155: Productos de forraje, fibras, plantas vivas, flores y capullos de flores, tabaco en rama, y caucho natural
B156: Maíz chala | C156: 1617.3921 | D156: 1612.6537 | E156: 1571.1056 | F156: 1660.0911 | G156: 1633.9016 | H156: 0.25421639 | I156: -1.5775922
B157: Alfalfa | C157: 6696.3761 | D157: 6986.7857 | E157: 6605.0914 | F157: 6821.7655 | G157: 6636.6953 | H157: -0.22355847 | I157: -2.7129357
B158: Cebada forrajera | C158: 366.82725 | D158: 383.27023 | E158: 417.09486 | F158: 449.22297 | G158: 410.15513 | H158: 2.8304272 | I158: -8.6967594
B159: Avena forrajera | C159: 1441.9339 | D159: 1467.1251 | E159: 1591.0641 | F159: 1901.8478 | G159: 1746.2804 | H159: 4.9040263 | I159: -8.1798016
...

Sheet C.7
A1: C.7 PERÚ: RENDIMIENTO AGRÍCOLA POR PRODUCTO SEGÚN AÑO, 2012-2016
A2: (Toneladas por hectárea)
K3: Olivo | L3: -0.1715214
A4: Producto | C4: 2012 | D4: 2013 | E4: 2014 | F4: 2015 | G4: 2016 | H4: % 2012-2016 | I4: % 2016/ 2015 | K4: Taperibá | L4: -0.14198979
A5: Cereales | K5: Aguaymanto | L5: -0.079733113
B6: Trigo | C6: 1.4887459 | D6: 1.4976706 | E6: 1.5554157 | F6: 1.5528554 | G6: 1.5026628 | H6: 0.23288696 | I6: -3.2322802 | K6: Perejil | L6: -0.076135183
B7: Maíz amarillo duro | C7: 4.7244491 | D7: 4.6461644 | E7: 4.5283302 | F7: 4.8340713 | G7: 4.6057392 | H7: -0.63417508 | I7: -4.7233913 | K7: Sacha inchi | L7: -0.075616642
B8: Maíz amiláceo | C8: 1.3422733 | D8: 1.4180577 | E8: 1.4184446 | F8: 1.4236832 | G8: 1.4060309 | H8: 1.1669083 | I8: -1.2399034 | K8: Copoazu | L8: -0.066793173
B9: Maíz morado | C9: 4.9546517 | D9: 5.6773963 | E9: 5.642497 | F9: 5.6098218 | G9: 5.5005682 | H9: 2.6475539 | I9: -1.9475427 | K9: Loctao | L9: -0.055444742
B10: Arroz con cascarilla | C10: 7.7263404 | D10: 7.7127574 | E10: 7.5953234 | F10: 7.8883618 | G10: 7.5453438 | H10: -0.5908639 | I10: -4.3484057 | K10: Pan de árbol | L10: -0.053609134
B11: Sorgo grano | C11: 3.5714286 | D11: 3.8205128 | E11: 4.4 | F11: 4.0284359 | G11: 3.8081818 | H11: 1.6175984 | I11: -5.4674838 | K11: Damasco | L11: -0.050929294
B12: Cebada grano | C12: 1.4184497 | D12: 1.4568097 | E12: 1.5004685 | F12: 1.5576884 | G12: 1.506493 | H12: 1.5168868 | I12: -3.286632 | K12: Guinda | L12: 0.05172811
B13: Avena grano | C13: 1.1983937 | D13: 1.1713448 | E13: 1.1792403 | F13: 1.2238874 | G13: 1.3199269 | H13: 2.4442504 | I13: 7.8470865 | K13: Orégano | L13: 0.054478253
B14: Quinua | C14: 1.1484338 | D14: 1.1618507 | E14: 1.6836526 | F14: 1.5246933 | G14: 1.2342708 | H14: 1.8183649 | I14: -19.047934 | K14: Cacao | L14: 0.059115444
B15: Kiwicha | C15: 1.6017509 | D15: 1.5349045 | E15: 1.7336391 | F15: 2.1176536 | G15: 1.7032935 | H15: 1.548528 | I15: -19.566944 | K15: Chirimoya | L15: 0.059156916
B16: Cañihua | C16: 0.77253776 | D16: 0.74000159 | E16: 0.76132937 | F16: 0.77035948 | G16: 0.74167831 | H16: -1.0139566 | I16: -3.723089 | K16: Ciruela roja | L16: 0.05934749
A17: Hortalizas | K17: Tamarindo | L17: 0.069470419
B18: Espárrago | C18: 11.371554 | D18: 11.378366 | E18: 11.833052 | F18: 10.895688 | G18: 11.83426 | H18: 1.0020799 | I18: 8.6141598 | K18: Pepino | L18: 0.070958769
B19: Col | C19: 13.844692 | D19: 14.191117 | E19: 14.325898 | F19: 14.567103 | G19: 14.844118 | H19: 1.7578148 | I19: 1.9016443 | K19: Uva | L19: 0.087970716
B20: Coliflor | C20: 13.643521 | D20: 13.326727 | E20: 12.940213 | F20: 12.176371 | G20: 12.002003 | H20: -3.1539698 | I20: -1.4320131 | K20: Tangelo | L20: 0.089066135
B21: Brocoli | C21: 12.495363 | D21: 12.747624 | E21: 13.161765 | F21: 13.331792 | G21: 13.281283 | H21: 1.5366384 | I21: -0.37886547 | K21: Berenjena | L21: 0.10215278
B22: Lechuga | C22: 11.034624 | D22: 10.865261 | E22: 10.9823 | F22: 10.721985 | G22: 10.912082 | H22: -0.2787946 | I22: 1.7729564 | K22: Dátil | L22: 0.12527526
B23: Espinaca | C23: 18.202344 | D23: 18.017512 | E23: 17.480659 | F23: 17.501217 | G23: 17.635849 | H23: -0.78730137 | I23: 0.76927115 | K23: Granada | L23: 0.13985139
B24: Alcachofa | C24: 17.952497 | D24: 19.270947 | E24: 19.53529 | F24: 16.321223 | G24: 17.85824 | H24: -0.1315181 | I24: 9.4172967 | K24: Frijol de palo | L24: 0.15770786
B25: Acelga | C25: 14.342001 | D25: 14.524039 | E25: 14.808172 | F25: 14.360886 | G25: 14.181543 | H25: -0.28088001 | I25: -1.2488303 | K25: Mango | L25: 0.25283071
B26: Culantro | C26: 13.457912 | D26: 12.704774 | E26: 12.666406 | F26: 11.374662 | G26: 11.251121 | H26: -4.3787273 | I26: -1.0861118 | K26: Arándano | L26: 0.56970417
B27: Perejil | C27: 19.908325 | D27: 12.902065 | E27: 16.870659 | F27: 15.869932 | G27: 14.503354 | H27: -7.6135183 | I27: -8.6111194 | K27: Pacae y guaba | L27: 0.65359434
B28: Sandia | C28: 26.12416 | D28: 26.896557 | E28: 28.292027 | F28: 28.136789 | G28: 24.272081 | H28: -1.8215498 | I28: -13.735427
B29: Melón | C29: 19.717922 | D29: 19.873005 | E29: 20.812956 | F29: 20.029484 | G29: 17.097767 | H29: -3.5017218 | I29: -14.637009
B30: Ají | C30: 10.297459 | D30: 9.8784219 | E30: 10.084331 | F30: 10.297966 | G30: 9.4407193 | H30: -2.148216 | I30: -8.3244257
B31: Rocoto | C31: 10.774661 | D31: 10.140075 | E31: 8.2281798 | F31: 10.204123 | G31: 12.35785 | H31: 3.4867696 | I31: 21.106442
B32: Piquillo | C32: 22.832829 | D32: 23.871353 | E32: 27.388889 | F32: 26.257928 | G32: 25.54721 | H32: 2.848021 | I32: -2.706679
B33: Pimiento morrón | C33: 23.869482 | D33: 20.835018 | E33: 26.688749 | F33: 26.875265 | G33: 25.77484 | H33: 1.9385022 | I33: -4.094562
B34: Pepinillo | C34: 16.242855 | D34: 16.242858 | E34: 16.962412 | F34: 16.852741 | G34: 17.944891 | H34: 2.5226012 | I34: 6.4805489
B35: Berenjena | C35: 8.154902 | D35: 12.226667 | E35: 13.4 | F35: 11.652703 | G35: 12.033333 | H35: 10.215278 | I35: 3.2664579
B36: Tomate | C36: 41.097057 | D36: 43.897351 | E36: 44.293669 | F36: 40.020795 | G36: 38.367732 | H36: -1.7033198 | I36: -4.1305099
B37: Calabaza | C37: 10.47766 | D37: 10.106054 | E37: 9.9478539 | F37: 10.518516 | G37: 10.894139 | H37: 0.97925184 | I37: 3.5710692
B38: Zapallo macre | C38: 28.325297 | D38: 28.000806 | E38: 30.362742 | F38: 28.100915 | G38: 26.637096 | H38: -1.5245216 | I38: -5.2091501
B39: Caigua | C39: 4.9241818 | D39: 4.3610078 | E39: 4.3798773 | F39: 5.1330965 | G39: 4.8048979 | H39: -0.61118333 | I39: -6.3937743
... B54: Apio | C54: 18.494786 | D54: 18.155925 | E54: 18.52638 | F54: 18.52325 | G54: 17.945088 | H54: -0.75147189 | I54: -3.1212727
A55: Frutas y nueces
B56: Palta | C56: 11.357976 | D56: 11.217594 | E56: 11.521117 | F56: 11.080158 | G56: 12.024822 | H56: 1.4365394 | I56: 8.5257214
B57: Banano y plátano | C57: 13.251587 | D57: 12.811332 | E57: 12.803303 | F57: 12.782246 | G57: 12.910325 | H57: -0.65012489 | I57: 1.0020117
B58: Dátil | C58: 1.5952381 | D58: 2.1942857 | E58: 2.9077465 | F58: 2.7 | G58: 2.5577647 | H58: 12.527526 | I58: -5.2679739
B59: Higo | C59: 5.1443475 | D59: 5.3145955 | E59: 4.9343492 | F59: 4.7521849 | G59: 5.1012589 | H59: -0.21005866 | I59: 7.3455477
B60: Mango | C60: 6.8629259 | D60: 14.453428 | E60: 12.057634 | F60: 11.636045 | G60: 16.907479 | H60: 25.283071 | I60: 45.302633
B61: Guayaba | C61: 4.05629 | D61: 4.0744425 | E61: 4.0938146 | F61: 3.8654377 | G61: 3.9350644 | H61: -0.75566825 | I61: 1.8012642
B62: Papaya | C62: 12.766368 | D62: 12.646726 | E62: 11.873853 | F62: 12.751436 | G62: 13.743604 | H62: 1.8610906 | I62: 7.7808325
B63: Piña | C63: 27.356869 | D63: 28.721253 | E63: 28.603816 | F63: 29.68226 | G63: 30.993943 | H63: 3.1698049 | I63: 4.419079
B64: Maracuyá | C64: 10.887443 | D64: 8.9265419 | E64: 9.4694149 | F64: 12.953402 | G64: 11.168765 | H64: 0.63981022 | I64: -13.777363
B65: Granadilla | C65: 7.0352728 | D65: 8.4793497 | E65: 8.57524 | F65: 8.4436593 | G65: 8.1846213 | H65: 3.8554789 | I65: -3.0678397
B66: Tumbo | C66: 7.3255879 | D66: 7.5531579 | E66: 7.2149846 | F66: 7.2695016 | G66: 7.3904366 | H66: 0.2205781 | I66: 1.6635942
B67: Chirimoya | C67: 5.3213379 | D67: 7.0198571 | E67: 5.4922037 | F67: 6.0134685 | G67: 6.6967188 | H67: 5.9156916 | I67: 11.362
... B115: Huasai | C115: 3.115942 | D115: 3.3894231 | E115: 3.3108108 | F115: 3.4237668 | G115: 3.4561947 | H115: 2.6247725 | I115: 0.94714027
A116: Semillas aceiteras y frutos oleaginosos
B117: Soya | C117: 1.8213867 | D117: 1.7895983 | E117: 1.812169 | F117: 1.8022569 | G117: 1.7339656 | H117: -1.2221481 | I117: -3.7892103
B118: Maní con cáscara | C118: 1.5664097 | D118: 1.5973643 | E118: 1.6619093 | F118: 1.7183278 | G118: 1.7064782 | H118: 2.1642246 | I118: -0.68960518
B119: Olivo | C119: 6.9632244 | D119: 3.5130094 | E119: 8.9344251 | F119: 2.2307831 | G119: 3.2804662 | H119: -17.15214 | I119: 47.054464
B120: Coco con cáscara | C120: 13.806209 | D120: 14.085239 | E120: 14.303391 | F120: 13.966473 | G120: 13.796773 | H120: -0.017090488 | I120: -1.2150516
B121: Palma aceitera | C121: 13.688542 | D121: 16.407953 | E121: 16.440709 | F121: 15.862398 | G121: 14.42211 | H121: 1.3136359 | I121: -9.0798872
B122: Sacha inchi | C122: 1.8774929 | D122: 2.1947524 | E122: 2.3289875 | F122: 2.5283599 | G122: 1.37084 | H122: -7.5616642 | I122: -45.781451
A123: Raíces y tubérculos comestibles con alto contenido en almidón o inulina
B124: Papa | C124: 14.325033 | D124: 14.413235 | E124: 14.777913 | F124: 14.898599 | G124: 14.529335 | H124: 0.3546554 | I124: -2.4785146
B125: Yuca | C125: 12.099191 | D125: 12.029787 | E125: 12.210576 | F125: 12.124249 | G125: 11.915727 | H125: -0.38125766 | I125: -1.7198759
B126: Camote | C126: 17.459126 | D126: 18.347986 | E126: 17.276775 | F126: 17.61819 | G126: 17.810374 | H126: 0.49920623 | I126: 1.0908266
B127: Pituca | C127: 7.30079 | D127: 7.2871635 | E127: 7.2674661 | F127: 7.6276354 | G127: 8.0578949 | H127: 2.4974205 | I127: 5.6407978
B128: Maca | C128: 7.5373016 | D128: 7.8763333 | E128: 7.4910532 | F128: 7.3484826 | G128: 6.4443185 | H128: -3.8409254 | I128: -12.304093
B129: Arracacha | C129: 6.6289957 | D129: 6.9471086 | E129: 6.9976945 | F129: 6.8385355 | G129: 6.6879704 | H129: 0.22167377 | I129: -2.2017156
B130: Oca | C130: 6.3034166 | D130: 6.4339542 | E130: 6.4580305 | F130: 6.5611668 | G130: 6.6787764 | H130: 1.4565811 | I130: 1.7925098
B131: Mashua | C131: 6.2206363 | D131: 6.2588151 | E131: 6.2848652 | F131: 6.6552678 | G131: 6.8377666 | H131: 2.3929052 | I131: 2.7421692
B132: Olluco | C132: 6.5434551 | D132: 6.5834346 | E132: 6.5835229 | F132: 6.7329268 | G132: 6.6716015 | H132: 0.48604255 | I132: -0.91082721
A133: Cultivos estimulantes, de especias y aromáticos
B134: Café pergamino | C134: 0.8198328 | D134: 0.64266429 | E134: 0.61394837 | F134: 0.6644175 | G134: 0.72338589 | H134: -3.0804952 | I134: 8.8752008
B135: Té | C135: 1.5351095 | D135: 1.9378511 | E135: 1.7363465 | F135: 1.769504 | G135: 1.5901298 | H135: 0.88423458 | I135: -10.136974
B136: Cacao | C136: 0.68299048 | D136: 0.73596203 | E136: 0.76570664 | F136: 0.7692023 | G136: 0.85938517 | H136: 5.9115444 | I136: 11.724206
B137: Paprika | C137: 6.4377733 | D137: 6.6675789 | E137: 7.0772999 | F137: 5.8969928 | G137: 5.7429031 | H137: -2.8150643 | I137: -2.6130214
B138: Albahaca | C138: 14.452911 | D138: 13.122707 | E138: 13.457535 | F138: 12.337268 | G138: 13.240374 | H138: -2.166806 | I138: 7.3201477
A139: Legumbres (hortalizas leguminosas secas)
B140: Frijol | C140: 1.1321657 | D140: 1.1443024 | E140: 1.1660409 | F140: 1.140053 | G140: 1.1401252 | H140: 0.17529618 | I140: 0.0063374379
B141: Pallar seco | C141: 1.7992069 | D141: 1.6392204 | E141: 1.7380874 | F141: 1.3366814 | G141: 1.7626354 | H141: -0.5120815 | I141: 31.866531
B142: Loctao | C142: 1.9078261 | D142: 1.5 | E142: 1.4575 | F142: 1.4789474 | G142: 1.518617 | H142: -5.5444742 | I142: 2.6822897
B143: Haba seca | C143: 1.3198543 | D143: 1.3687549 | E143: 1.3927735 | F143: 1.3914288 | G143: 1.3340214 | H143: 0.26727164 | I143: -4.125786
B144: Garbanzo | C144: 1.1653116 | D144: 1.3178693 | E144: 1.1571706 | F144: 1.3837749 | G144: 1.1389135 | H144: -0.57120625 | I144: -17.695176
B145: Lenteja | C145: 0.94618492 | D145: 0.96267525 | E145: 0.96448196 | F145: 0.9370208 | G145: 0.88296111 | H145: -1.7140616 | I145: -5.7693156
B146: Arveja seca | C146: 1.001937 | D146: 1.0195016 | E146: 1.0616433 | F146: 1.0518904 | G146: 1.0415705 | H146: 0.97458166 | I146: -0.98108505
B147: Caupí | C147: 1.4444686 | D147: 1.2166659 | E147: 1.3763214 | F147: 1.1927897 | G147: 1.3979094 | H147: -0.81574684 | I147: 17.196638
B148: Frijol de palo | C148: 0.95706891 | D148: 1.4010492 | E148: 1.4481779 | F148: 1.5404203 | G148: 1.7192504 | H148: 15.770786 | I148: 11.609175
B149: Tarhui | C149: 1.2163167 | D149: 1.2511393 | E149: 1.2745648 | F149: 1.3058447 | G149: 1.2613451 | H149: 0.91293004 | I149: -3.4077295
B150: Zarandaja | C150: 1.5779912 | D150: 1.1792887 | E150: 1.1875795 | F150: 1.4017731 | G150: 1.4363722 | H150: -2.3233855 | I150: 2.4682341
A151: Cultivos de azúcar
B152: Caña para azúcar | C152: 127.81186 | D152: 133.71704 | E152: 126.05135 | F152: 120.74449 | G152: 112.12023 | H152: -3.2216527 | I152: -7.1425721
B153: Caña para alcohol | C153: 37.118121 | D153: 36.204829 | E153: 34.623261 | F153: 33.907541 | G153: 32.560444 | H153: -3.2221248 | I153: -3.9728543
B154: Caña para etanol | C154: 139.3617 | D154: 136.32913 | E154: 123.305 | F154: 167.75452 | G154: 138.99728 | H154: -0.065437497 | I154: -17.142452
A155: Productos de forraje, fibras, plantas vivas, flores y capullos de flores, tabaco en rama, y caucho natural
B156: Maíz chala | C156: 46.144886 | D156: 45.235095 | E156: 45.320834 | F156: 46.980164 | G156: 46.83646 | H156: 0.37258792 | I156: -0.30588278
B157: Alfalfa | C157: 43.552816 | D157: 43.696906 | E157: 41.953342 | F157: 40.918675 | G157: 39.091546 | H157: -2.6655336 | I157: -4.4652679
B158: Cebada forrajera | C158: 19.078687 | D158: 17.638976 | E158: 18.804354 | F158: 20.229055 | G158: 19.213938 | H158: 0.17675874 | I158: -5.0181114
B159: Avena forrajera | C159: 18.606799 | D159: 18.379598 | E159: 19.464134 | F159: 22.808456 | G159: 21.439564 | H159: 3.6062781 | I159: -6.0016854
B160: Gramalote | C160: 40.387359 | D160: 42.251057 | E160: 41.423359 | F160: 39.374419 | G160: 40.655825 | H160: 0.16576912 | I160: 3.254412
B161: Pasto elefante | C161: 59.833215 | D161: 56.609971 | E161: 49.730325 | F161: 52.069427 | G161: 52.045725 | H161: -3.4258977 | I161: -0.045520185
...

Sheet C.8
A1: C.8 PERÚ: PRECIO RECIBIDO POR EL PRODUCTOR POR PRODUCTO SEGÚN AÑO, 2011-2015
A2: (Soles por tonelada)
A4: Producto | C4: 2012 | D4: 2013 | E4: 2014 | F4: 2015 | G4: 2016 | H4: % 2012-2016 | I4: % 2016/ 2015 | K4: Banano y plátano | L4: -0.25798976
A5: Cereales | K5: Cebolla cabeza | L5: -0.15074692
B6: Trigo | C6: 1316.8088 | D6: 1374.1632 | E6: 1448.5268 | F6: 1505.3321 | G6: 1567.3639 | H6: 4.4508014 | I6: 4.1208043 | K6: Arándano | L6: -0.13413489
B7: Maíz amarillo duro | C7: 833.16146 | D7: 878.58264 | E7: 904.446 | F7: 899.46034 | G7: 991.71405 | H7: 4.4514141 | I7: 10.256563 | K7: Mango | L7: -0.11412557
B8: Maíz amiláceo | C8: 2132.545 | D8: 2284.8583 | E8: 2282.2601 | F8: 2145.9504 | G8: 2337.8966 | H8: 2.3250053 | I8: 8.9445781 | K8: Maca | L8: -0.099777516
B9: Maíz morado | C9: 1221.4545 | D9: 1245.6902 | E9: 1260.562 | F9: 1230.9686 | G9: 1617.3182 | H9: 7.2703119 | I9: 31.385819 | K9: Papa | L9: 0.097147771
B10: Arroz con cascarilla | C10: 886.82869 | D10: 870.55838 | E10: 1092.5321 | F10: 1094.5678 | G10: 1152.0871 | H10: 6.7606952 | I10: 5.2549766 | K10: Pecana | L10: 0.098629522
B11: Sorgo grano | C11: 560 | D11: 660 | E11: 750 | F11: 579.90631 | G11: 597.77513 | H11: 1.6453354 | I11: 3.0813285 | K11: Dátil | L11: 0.10093173
B12: Cebada grano | C12: 1080.9382 | D12: 1164.4766 | E12: 1230.6127 | F12: 1222.497 | G12: 1240.0899 | H12: 3.4934993 | I12: 1.4390935 | K12: Espárrago | L12: 0.10648495
B13: Avena grano | C13: 1362.9822 | D13: 1487.5975 | E13: 1694.8453 | F13: 1498.7182 | G13: 1630.0985 | H13: 4.5757324 | I13: 8.7661749 | K13: Damasco | L13: 0.11331177
B14: Quinua | C14: 3880.8574 | D14: 6293.0113 | E14: 7875.2291 | F14: 4906.2421 | G14: 3985.7505 | H14: 0.66896572 | I14: -18.761642 | K14: Caimito | L14: 0.11363454
B15: Kiwicha | C15: 3591.0952 | D15: 3663.6948 | E15: 6644.1471 | F15: 4312.4094 | G15: 3483.7484 | H15: -0.75583869 | I15: -19.215731 | K15: Pituca | L15: 0.11800773
B16: Cañihua | C16: 3081.7121 | D16: 3991.1287 | E16: 4973.8854 | F16: 5237.6446 | G16: 4136.1413 | H16: 7.634333 | I16: -21.030508 | K16: Marigold | L16: 0.12241239
A17: Hortalizas | K17: Alcachofa | L17: 0.12425019
B18: Espárrago | C18: 2798.462 | D18: 3053.2669 | E18: 2652.2224 | F18: 3764.4445 | G18: 4194.7054 | H18: 10.648495 | I18: 11.429598 | K18: Cacao | L18: 0.13385483
B19: Col | C19: 653.34265 | D19: 672.02341 | E19: 711.9152 | F19: 741.02609 | G19: 772.64716 | H19: 4.2821678 | I19: 4.2672006 | K19: Anona | L19: 0.13940947
B20: Coliflor | C20: 746.08239 | D20: 779.62258 | E20: 830.9271 | F20: 840.48941 | G20: 1011.3029 | H20: 7.9005407 | I20: 20.323104 | K20: Higo | L20: 0.14585543
B21: Brocoli | C21: 804.63322 | D21: 927.87486 | E21: 1022.6616 | F21: 1034.7867 | G21: 1120.6223 | H21: 8.6338885 | I21: 8.295 | K21: Fresa | L21: 0.14961439
B22: Lechuga | C22: 635.81183 | D22: 753.00848 | E22: 800.03608 | F22: 735.32166 | G22: 834.00337 | H22: 7.018732 | I22: 13.42021 | K22: Guayaba | L22: 0.15191253
B23: Espinaca | C23: 741.14549 | D23: 832.38698 | E23: 893.54803 | F23: 934.67959 | G23: 1012.2615 | H23: 8.10538 | I23: 8.3003706 | K23: Zapote | L23: 0.17292942
B24: Alcachofa | C24: 1416.767 | D24: 1586.3512 | E24: 2172.2293 | F24: 1658.0133 | G24: 2263.3426 | H24: 12.425019 | I24: 36.509316 | K24: Olivo | L24: 0.17421003
B25: Acelga | C25: 736.76103 | D25: 825.77703 | E25: 861.04211 | F25: 907.8417 | G25: 992.71442 | H25: 7.7393673 | I25: 9.3488459 | K25: Marañón | L25: 0.17482185
B26: Culantro | C26: 522.09366 | D26: 613.53447 | E26: 617.71359 | F26: 671.25125 | G26: 683.3586 | H26: 6.9609031 | I26: 1.8036987 | K26: Rye grass | L26: 0.1953638
B27: Perejil | C27: 558.93451 | D27: 582.45859 | E27: 595.46763 | F27: 618.90876 | G27: 693.84976 | H27: 5.5543486 | I27: 12.108571 | K27: Guanábana | L27: 0.19778792
B28: Sandia | C28: 561.82226 | D28: 541.43869 | E28: 728.08249 | F28: 646.64631 | G28: 610.40563 | H28: 2.0950995 | I28: -5.6044054 | K28: Ajo | L28: 0.22044115
B29: Melón | C29: 682.48722 | D29: 730.89281 | E29: 682.83089 | F29: 682.83089 | G29: 712.67122 | H29: 1.0877836 | I29: 4.3700911 | K29: Granada | L29: 0.22956634
... B32: Piquillo | C32: 1034.3999 | D32: 830.11112 | E32: 1338.1039 | F32: 971.93076 | G32: 911.62117 | H32: -3.1094355 | I32: -6.2051323 | K32: Pan de árbol | L32: 0.33021627
B33: Pimiento morrón | C33: 1018.3634 | D33: 1169.528 | E33: 1093.3234 | F33: 881.10614 | G33: 909.50212 | H33: -2.786801 | I33: 3.2227653
B34: Pepinillo | C34: 426.92059 | D34: 415.20062 | E34: 450.71117 | F34: 414.83842 | G34: 410.24671 | H34: -0.99103941 | I34: -1.1068663
B35: Berenjena | C35: 913.18827 | D35: 980.84333 | E35: 1157.8358 | F35: 1216.7343 | G35: 1232.7424 | H35: 7.7898832 | I35: 1.3156584
B36: Tomate | C36: 766.20789 | D36: 712.31285 | E36: 997.28549 | F36: 848.02888 | G36: 907.61784 | H36: 4.32517 | I36: 7.0267611
B37: Calabaza | C37: 467.14717 | D37: 446.94406 | E37: 525.0539 | F37: 555.40968 | G37: 632.06756 | H37: 7.8518115 | I37: 13.802042
B38: Zapallo macre | C38: 536.20191 | D38: 516.94977 | E38: 711.30664 | F38: 701.26614 | G38: 655.9156 | H38: 5.1671006 | I38: -6.4669517
B39: Caigua | C39: 817.74367 | D39: 811.22387 | E39: 839.07695 | F39: 728.45997 | G39: 780.83081 | H39: -1.148119 | I39: 7.1892545
B40: Vainita | C40: 1372.0972 | D40: 1425.1947 | E40: 1516.4639 | F40: 1329.7184 | G40: 1490.321 | H40: 2.087774 | I40: 12.077934
B41: Frijol verde | C41: 1128.4695 | D41: 1222.9381 | E41: 1140.3518 | F41: 1306.8047 | G41: 1456.3724 | H41: 6.584892 | I41: 11.445294
B42: Pallar verde | C42: 1315.4009 | D42: 1357.0237 | E42: 1215.976 | F42: 1156.3219 | G42: 1228.2078 | H42: -1.7000195 | I42: 6.2167743
B43: Arveja verde | C43: 1335.6589 | D43: 1475.3637 | E43: 1548.1959 | F43: 1562.2019 | G43: 1609.7369 | H43: 4.7767295 | I43: 3.0428181
B44: Haba verde | C44: 873.55755 | D44: 838.64987 | E44: 877.76622 | F44: 940.90779 | G44: 1063.9991 | H44: 5.053962 | I44: 13.082188
... B54: Apio | C54: 671.88271 | D54: 749.20345 | E54: 821.70005 | F54: 825.39415 | G54: 850.12156 | H54: 6.0588448 | I54: 2.9958306
A55: Frutas y nueces
B56: Palta | C56: 2046.5571 | D56: 1846.2827 | E56: 2008.1909 | F56: 2265.167 | G56: 2617.9719 | H56: 6.3494577 | I56: 15.575225
B57: Banano y plátano | C57: 1921.8296 | D57: 493.81039 | E57: 486.73697 | F57: 521.08689 | G57: 582.57852 | H57: -25.798976 | I57: 11.800648
B58: Dátil | C58: 1022.0896 | D58: 1044.2708 | E58: 1124.0252 | F58: 1206.7293 | G58: 1501.5179 | H58: 10.093173 | I58: 24.428728
B59: Higo | C59: 1273.7449 | D59: 1455.6126 | E59: 1683.5815 | F59: 1723.6727 | G59: 2195.8454 | H59: 14.585543 | I59: 27.39341
B60: Mango | C60: 901.29733 | D60: 295.21265 | E60: 541.8279 | F60: 1027.2233 | G60: 555.08149 | H60: -11.412557 | I60: -45.96292
B61: Guayaba | C61: 343.53293 | D61: 378.19794 | E61: 433.47424 | F61: 496.60322 | G61: 604.84819 | H61: 15.191253 | I61: 21.797073
B62: Papaya | C62: 789.85688 | D62: 555.99702 | E62: 604.62103 | F62: 721.03275 | G62: 763.89702 | H62: -0.83198913 | I62: 5.9448429
B63: Piña | C63: 540.47144 | D63: 583.68581 | E63: 630.18505 | F63: 677.66336 | G63: 706.78797 | H63: 6.9372718 | I63: 4.2977997
B64: Maracuyá | C64: 785.41817 | D64: 1072.3989 | E64: 1357.392 | F64: 922.07096 | G64: 1096.4705 | H64: 8.6986135 | I64: 18.913899
B65: Granadilla | C65: 2061.5687 | D65: 2023.2093 | E65: 1850.3461 | F65: 1666.5759 | G65: 1656.0156 | H65: -5.3290685 | I65: -0.63365453
B66: Tumbo | C66: 682.88313 | D66: 661.62065 | E66: 638.08603 | F66: 682.16409 | G66: 691.15571 | H66: 0.30148891 | I66: 1.3181018
B67: Chirimoya | C67: 2157.9234 | D67: 2309.5055 | E67: 2361.7201 | F67: 2470.9557 | G67: 2750.5695 | H67: 6.2543331 | I67: 11.316017
... B115: Huasai | C115: 728.96124 | D115: 728.46809 | E115: 724.39456 | F115: 736.43746 | G115: 740.62604 | H115: 0.39767028 | I115: 0.56876264
A116: Semillas aceiteras y frutos oleaginosos
B117: Soya | C117: 2261.7843 | D117: 2191.311 | E117: 2184.363 | F117: 2431.8561 | G117: 2513.6827 | H117: 2.6750248 | I117: 3.3647804
B118: Maní con cáscara | C118: 2673.1872 | D118: 2778.4321 | E118: 3297.8049 | F118: 3696.0638 | G118: 3671.5534 | H118: 8.2567837 | I118: -0.66314854
B119: Sacha inchi | C119: 6259.4942 | D119: 4207.4825 | E119: 3711.991 | F119: 6360.1011 | G119: 7643.4065 | H119: 5.1203814 | I119: 20.177438
B120: Aceituna | C120: 1700.0386 | D120: 1915.0951 | E120: 1630.1845 | F120: 3512.9567 | G120: 3231.7811 | H120: 17.421003 | I120: -8.0039575
B121: Coco con cáscara | C121: 366.61811 | D121: 355.85719 | E121: 363.28376 | F121: 373.11386 | G121: 410.18701 | H121: 2.8470872 | I121: 9.9361483
B122: Palma aceitera | C122: 533.21618 | D122: 404.94186 | E122: 405.74291 | F122: 357.71697 | G122: 372.1853 | H122: -8.5962581 | I122: 4.0446303
A123: Raíces y tubérculos comestibles con alto contenido en almidón o inulina
B124: Papa | C124: 724.70352 | D124: 770.74813 | E124: 731.15328 | F124: 891.10276 | G124: 1050.0763 | H124: 9.7147771 | I124: 17.840095
B125: Yuca | C125: 537.53039 | D125: 524.9914 | E125: 546.88472 | F125: 595.07917 | G125: 619.00555 | H125: 3.591204 | I125: 4.0207054
B126: Camote | C126: 649.45319 | D126: 563.21225 | E126: 606.95846 | F126: 561.20978 | G126: 644.73577 | H126: -0.18208886 | I126: 14.883202
B127: Pituca | C127: 1024.972 | D127: 1024.9268 | E127: 1387.6197 | F127: 1448.4187 | G127: 1601.3683 | H127: 11.800773 | I127: 10.559765
B128: Maca | C128: 2089.1439 | D128: 2016.2576 | E128: 4532.559 | F128: 5822.0983 | G128: 1372.0432 | H128: -9.9777516 | I128: -76.433871
B129: Arracacha | C129: 666.26098 | D129: 705.07818 | E129: 800.22335 | F129: 826.70444 | G129: 932.19501 | H129: 8.7590984 | I129: 12.760373
B130: Oca | C130: 811.3728 | D130: 837.73533 | E130: 856.92864 | F130: 912.90143 | G130: 953.94586 | H130: 4.1299888 | I130: 4.4960427
B131: Mashua | C131: 682.66901 | D131: 715.46077 | E131: 732.18752 | F131: 838.99043 | G131: 932.75617 | H131: 8.1158795 | I131: 11.176019
B132: Olluco | C132: 810.43643 | D132: 863.26182 | E132: 1076.422 | F132: 971.49183 | G132: 1061.4844 | H132: 6.9790333 | I132: 9.2633415
A133: Cultivos estimulantes, de especias y aromáticos
B134: Café pergamino | C134: 6333.5003 | D134: 4890.0144 | E134: 7213.5822 | F134: 6391.6103 | G134: 5610.3032 | H134: -2.9857266 | I134: -12.223947
B135: Té | C135: 704.58906 | D135: 772.3298 | E135: 860.42748 | F135: 747.49324 | G135: 677.44137 | H135: -0.97748441 | I135: -9.3715723
B136: Cacao | C136: 4803.9136 | D136: 5004.2328 | E136: 6429.1094 | F136: 7350.4965 | G136: 7940.0824 | H136: 13.385483 | I136: 8.0210346
B137: Paprika | C137: 5561.2483 | D137: 5673.4694 | E137: 6422.5427 | F137: 7001.9454 | G137: 6773.5159 | H137: 5.0534859 | I137: -3.2623723
B138: Albahaca | C138: 632.34362 | D138: 700.77312 | E138: 896.41072 | F138: 851.24559 | G138: 892.02086 | H138: 8.9821738 | I138: 4.7900709
A139: Legumbres (hortalizas leguminosas secas)
B140: Frijol | C140: 3218.1414 | D140: 3516.8962 | E140: 3274.9085 | F140: 3346.4182 | G140: 3554.4004 | H140: 2.515682 | I140: 6.2150679
B141: Pallar seco | C141: 3210.908 | D141: 3093.9379 | E141: 4884.7768 | F141: 4337.6441 | G141: 4111.5578 | H141: 6.3762397 | I141: -5.2121906
B142: Loctao | C142: 2325.9344 | D142: 2600 | E142: 2671.5266 | F142: 3827.758 | G142: 1884.063 | H142: -5.1309626 | I142: -50.77894
B143: Haba seca | C143: 1891.0749 | D143: 2028.5951 | E143: 2029.4273 | F143: 1920.0428 | G143: 2056.8767 | H143: 2.1233097 | I143: 7.1266022
B144: Garbanzo | C144: 3693.9195 | D144: 3568.8317 | E144: 3279.3642 | F144: 4001.7422 | G144: 4350.8139 | H144: 4.176742 | I144: 8.7229939
B145: Lenteja | C145: 2643.2362 | D145: 2499.6467 | E145: 2793.2161 | F145: 2988.3909 | G145: 3776.1165 | H145: 9.3269809 | I145: 26.359523
B146: Arveja seca | C146: 2236.8995 | D146: 2285.2392 | E146: 2365.4157 | F146: 2316.8202 | G146: 2353.5138 | H146: 1.2785719 | I146: 1.5837926
B147: Caupí | C147: 2020.5581 | D147: 1708.3275 | E147: 2724.6674 | F147: 2094.5764 | G147: 1877.9241 | H147: -1.8135242 | I147: -10.34349
B148: Frijol de palo | C148: 2060.524 | D148: 1962.388 | E148: 2521.8032 | F148: 2055.3771 | G148: 1873.7701 | H148: -2.3472103 | I148: -8.8357049
B149: Tarhui | C149: 2828.6167 | D149: 3390.7264 | E149: 4114.496 | F149: 3790.2466 | G149: 3621.3057 | H149: 6.3708844 | I149: -4.4572538
B150: Zarandaja | C150: 2604.0538 | D150: 1685.4036 | E150: 2434.6511 | F150: 2020.7654 | G150: 2460.6531 | H150: -1.4060861 | I150: 21.768366
A151: Cultivos de azúcar
B152: Caña para alcohol | C152: 88.178832 | D152: 86.2477 | E152: 88.191985 | F152: 98.486473 | G152: 103.70913 | H152: 4.1389432 | I152: 5.3029217
A153: Productos de forraje, fibras, plantas vivas, flores y capullos de flores, tabaco en rama, y caucho natural
B154: Maíz chala | C154: 122.63065 | D154: 125.00665 | E154: 148.73155 | F154: 132.27669 | G154: 146.02673 | H154: 4.4619987 | I154: 10.394909
B155: Alfalfa | C155: 153.08031 | D155: 155.87934 | E155: 169.64179 | F155: 180.09988 | G155: 197.61164 | H155: 6.591678 | I155: 9.7233629
B156: Cebada forrajera | C156: 285.24867 | D156: 287.76715 | E156: 314.83575 | F156: 289.97793 | G156: 298.29576 | H156: 1.1243781 | I156: 2.8684369
B157: Avena forrajera | C157: 299.44118 | D157: 297.28567 | E157: 300.84104 | F157: 289.96884 | G157: 298.03363 | H157: -0.11772205 | I157: 2.7812621
B158: Gramalote | C158: 36.751052 | D158: 39.423039 | E158: 43.923955 | F158: 41.446512 | G158: 44.783489 | H158: 5.0659606 | I158: 8.0512838
B159: Pasto elefante | C159: 64.675041 | D159: 67.319635 | E159: 69.56879 | F159: 78.571823 | G159: 81.302007 | H159: 5.8866329 | I159: 3.4747628
...

Sheet C.9
A1: C.9 PERÚ: SUPERFICIE SEMBRADA DE CEREALES POR REGIÓN SEGÚN CULTIVO, AGO 2015-JUL 2016
A2: (Hectáreas)
A4: Región | B4: TOTAL | C4: Trigo | D4: Maíz amarillo duro | E4: Maíz amiláceo1 | F4: Maíz morado | G4: Arroz | H4: Sorgo grano | I4: Cebada grano | J4: Avena grano | K4: Quinua | L4: Kiwicha | M4: Cañihua
A5: Nacional | B5: =+SUM(C5:M5) -> 1303313.8 | C5: 127491.75 | D5: 277566.64 | E5: 249443.8 | F5: 3965.65 | G5: 417084.25 | H5: 44 | I5: 137479.25 | J5: 15791.5 | K5: 66625.75 | L5: 1691.25 | M5: 6130
A6: Amazonas | B6: =+SUM(C6:M6) -> 63021 | C6: 466 | D6: 12033.8 | E6: 8391.7 | F6: 0 | G6: 41931.5 | H6: 0 | I6: 137 | J6: 0 | K6: 61 | L6: 0 | M6: 0
A7: Ancash | B7: =+SUM(C7:M7) -> 57816 | C7: 12275 | D7: 16443 | E7: 13713 | F7: 576 | G7: 6795 | H7: 0 | I7: 7336 | J7: 0 | K7: 344 | L7: 334 | M7: 0
A8: Apurímac | B8: =+SUM(C8:M8) -> 44590 | C8: 4959.5 | D8: 2291.5 | E8: 27072 | F8: 92 | G8: 0 | H8: 0 | I8: 4499.75 | J8: 720.5 | K8: 4250 | L8: 704.75 | M8: 0
A9: Arequipa | B9: =+SUM(C9:M9) -> 29254 | C9: 1641 | D9: 197 | E9: 4593 | F9: 385 | G9: 19954 | H9: 39 | I9: 409 | J9: 0 | K9: 1943 | L9: 83 | M9: 10
A10: Ayacucho | B10: =+SUM(C10:M10) -> 59862 | C10: 9244 | D10: 803 | E10: 21093 | F10: 513 | G10: 80 | H10: 0 | I10: 13365 | J10: 1772 | K10: 12897 | L10: 95 | M10: 0
A11: Cajamarca | B11: =+SUM(C11:M11) -> 132127.75 | C11: 27171 | D11: 18175 | E11: 50475.5 | F11: 248 | G11: 25222.5 | H11: 0 | I11: 9955.75 | J11: 0 | K11: 880 | L11: 0 | M11: 0
A12: Cusco | B12: =+SUM(C12:M12) -> 64257 | C12: 10232 | D12: 2322 | E12: 28149 | F12: 0 | G12: 1179 | H12: 0 | I12: 14462 | J12: 3809 | K12: 3133 | L12: 374 | M12: 597
A13: Huancavelica | B13: =+SUM(C13:M13) -> 39227.25 | C13: 4682.25 | D13: 242.5 | E13: 17888 | F13: 0 | G13: 0 | H13: 0 | I13: 14777 | J13: 458 | K13: 1163 | L13: 16.5 | M13: 0
A14: Huánuco | B14: =+SUM(C14:M14) -> 50568 | C14: 8026 | D14: 10704.5 | E14: 14620.25 | F14: 252.25 | G14: 9243 | H14: 0 | I14: 6059.25 | J14: 833 | K14: 829.75 | L14: 0 | M14: 0
A15: Ica | B15: =+SUM(C15:M15) -> 19439.94 | C15: 52 | D15: 17726.19 | E15: 1411.35 | F15: 164.4 | G15: 0 | H15: 0 | I15: 78 | J15: 0 | K15: 8 | L15: 0 | M15: 0
A16: Junín | B16: =+SUM(C16:M16) -> 38989 | C16: 5184 | D16: 5521 | E16: 14486 | F16: 0 | G16: 1230 | H16: 0 | I16: 10556 | J16: 0 | K16: 2012 | L16: 0 | M16: 0
... A30: Ucayali | B30: =+SUM(C30:M30) -> 21903 | C30: 0 | D30: 12070 | E30: 0 | F30: 0 | G30: 9833 | H30: 0 | I30: 0 | J30: 0 | K30: 0 | L30: 0 | M30: 0
A31: 1 Incluye maíz choclo
A32: Fuente: SIEA

Sheet C.10
A1: C.10 PERÚ: SUPERFICIE COSECHADA DE CEREALES POR REGIÓN SEGÚN CULTIVO, AÑO 2016
A2: (Hectáreas)
A4: Región | B4: TOTAL | C4: Trigo | D4: Maíz amarillo duro | E4: Maíz amiláceo | F4: Maíz morado | G4: Arroz | H4: Sorgo grano | I4: Cebada grano | J4: Avena grano | K4: Quinua | L4: Kiwicha | M4: Cañihua | O4: Arroz | P4: 419.56325
A5: Nacional | B5: =+SUM(C5:M5) -> 1239071.7 | C5: 127179.75 | D5: 267575.5 | E5: 197311.52 | F5: 3882.65 | G5: 419563.25 | H5: 44 | I5: 135743.88 | J5: 15793.2 | K5: 64223.19 | L5: 1599.8 | M5: 6155 | O5: Maíz amarillo duro | P5: 267.5755
A6: Amazonas | B6: =+SUM(C6:M6) -> 61921.3 | C6: 474 | D6: 12171.3 | E6: 7511 | F6: 0 | G6: 41567 | H6: 0 | I6: 137 | J6: 0 | K6: 61 | L6: 0 | M6: 0 | O6: Maíz amiláceo | P6: 197.31152
A7: Ancash | B7: =+SUM(C7:M7) -> 53007 | C7: 12262 | D7: 16440 | E7: 8932 | F7: 581 | G7: 6795 | H7: 0 | I7: 7325 | J7: 0 | K7: 352 | L7: 320 | M7: 0 | O7: Cebada grano | P7: 135.74388
A8: Apurímac | B8: =+SUM(C8:M8) -> 38873 | C8: 4760.5 | D8: 2156.5 | E8: 22035 | F8: 49 | G8: 0 | H8: 0 | I8: 4348.75 | J8: 720.5 | K8: 4100 | L8: 702.75 | M8: 0 | O8: Trigo | P8: 127.17975
A9: Arequipa | B9: =+SUM(C9:M9) -> 26859 | C9: 1638 | D9: 194 | E9: 2346 | F9: 385 | G9: 19939 | H9: 39 | I9: 394 | J9: 0 | K9: 1831 | L9: 83 | M9: 10 | O9: Quinua | P9: 64.22319
A10: Ayacucho | B10: =+SUM(C10:M10) -> 52935 | C10: 8655 | D10: 863 | E10: 17013 | F10: 464 | G10: 80 | H10: 0 | I10: 12476 | J10: 1772 | K10: 11515 | L10: 97 | M10: 0 | O10: Avena grano | P10: 15.7932
A11: Cajamarca | B11: =+SUM(C11:M11) -> 121013.75 | C11: 28344 | D11: 18507 | E11: 37673 | F11: 248 | G11: 24886 | H11: 0 | I11: 10477.75 | J11: 0 | K11: 878 | L11: 0 | M11: 0 | O11: Cañihua | P11: 6.155
A12: Cusco | B12: =+SUM(C12:M12) -> 61558.59 | C12: 10338.25 | D12: 2866 | E12: 24588.77 | F12: 0 | G12: 1476 | H12: 0 | I12: 14455.13 | J12: 3829.2 | K12: 3087.69 | L12: 295.55 | M12: 622 | O12: Maíz morado | P12: 3.88265
A13: Huancavelica | B13: =+SUM(C13:M13) -> 36295 | C13: 4317.75 | D13: 268.3 | E13: 16176.2 | F13: 0 | G13: 0 | H13: 0 | I13: 13863 | J13: 439.5 | K13: 1212.75 | L13: 17.5 | M13: 0 | O13: Kiwicha | P13: 1.5998
A14: Huánuco | B14: =+SUM(C14:M14) -> 49318.5 | C14: 7746.25 | D14: 10863.5 | E14: 13596 | F14: 252.25 | G14: 9151 | H14: 0 | I14: 6042.75 | J14: 833 | K14: 833.75 | L14: 0 | M14: 0 | O14: Sorgo grano | P14: 0.044
A15: Ica | B15: =+SUM(C15:M15) -> 18108.25 | C15: 52 | D15: 17741.3 | E15: 72.05 | F15: 156.9 | G15: 0 | H15: 0 | I15: 78 | J15: 0 | K15: 8 | L15: 0 | M15: 0
A16: Junín | B16: =+SUM(C16:M16) -> 32328.5 | C16: 5164 | D16: 5588 | E16: 7825.5 | F16: 0 | G16: 1214 | H16: 0 | I16: 10529 | J16: 0 | K16: 2008 | L16: 0 | M16: 0
A17: La Libertad | B17: =+SUM(C17:M17) -> 124902.2 | C17: 28704 | D17: 19083.2 | E17: 14486 | F17: 281.5 | G17: 32857 | H17: 5 | I17: 27358.5 | J17: 0 | K17: 2044 | L17: 83 | M17: 0
A18: Lambayeque | B18: =+SUM(C18:M18) -> 70481 | C18: 1473 | D18: 16532 | E18: 2616 | F18: 0 | G18: 49831 | H18: 0 | I18: 25 | J18: 0 | K18: 3 | L18: 1 | M18: 0
A19: Lima | B19: =+SUM(C19:M19) -> 23716 | C19: 143 | D19: 21567 | E19: 477 | F19: 1429 | G19: 0 | H19: 0 | I19: 92 | J19: 0 | K19: 8 | L19: 0 | M19: 0
A20: Lima Metropolitana | B20: =+SUM(C20:M20) -> 75 | C20: 2 | D20: 59 | E20: 0 | F20: 6 | G20: 0 | H20: 0 | I20: 1 | J20: 0 | K20: 7 | L20: 0 | M20: 0
A21: Loreto | B21: =+SUM(C21:M21) -> 69492 | C21: 0 | D21: 36446 | E21: 0 | F21: 0 | G21: 33046 | H21: 0 | I21: 0 | J21: 0 | K21: 0 | L21: 0 | M21: 0
A22: Madre de Dios | B22: =+SUM(C22:M22) -> 6693.5 | C22: 0 | D22: 4135 | E22: 0 | F22: 0 | G22: 2558.5 | H22: 0 | I22: 0 | J22: 0 | K22: 0 | L22: 0 | M22: 0
A23: Moquegua | B23: =+SUM(C23:M23) -> 960 | C23: 66 | D23: 51 | E23: 640 | F23: 30 | G23: 0 | H23: 0 | I23: 106 | J23: 0 | K23: 67 | L23: 0 | M23: 0
A24: Pasco | B24: =+SUM(C24:M24) -> 8606 | C24: 202 | D24: 3911 | E24: 1573 | F24: 0 | G24: 2777 | H24: 0 | I24: 138 | J24: 0 | K24: 5 | L24: 0 | M24: 0
A25: Piura | B25: =+SUM(C25:M25) -> 111063 | C25: 11318 | D25: 16608 | E25: 15447 | F25: 0 | G25: 67373 | H25: 0 | I25: 317 | J25: 0 | K25: 0 | L25: 0 | M25: 0
A26: Puno | B26: =+SUM(C26:M26) -> 85039 | C26: 1501 | D26: 2435 | E26: 3824 | F26: 0 | G26: 283 | H26: 0 | I26: 27580 | J26: 8199 | K26: 35694 | L26: 0 | M26: 5523
... A30: Ucayali | B30: =+SUM(C30:M30) -> 21250 | C30: 0 | D30: 11429 | E30: 0 | F30: 0 | G30: 9821 | H30: 0 | I30: 0 | J30: 0 | K30: 0 | L30: 0 | M30: 0
A31: Fuente: SIEA

Sheet C.11
A1: C.11 PERÚ: PRODUCCION DE CEREALES POR REGIÓN SEGÚN PRODUCTO, AÑO 2016
A2: (Toneladas)
A4: Región | B4: Trigo | C4: Maíz amarillo duro | D4: Maíz amiláceo | E4: Maíz morado | F4: Arroz cáscara | G4: Sorgo grano | H4: Cebada grano | I4: Avena grano | J4: Quinua | K4: Kiwicha | L4: Cañihua
A5: Nacional | B5: 191108.27 | C5: 1232383 | D5: 277426.09 | E5: 21356.781 | F5: 3165749 | G5: 167.56 | H5: 204497.2 | I5: 20845.869 | J5: 79268.806 | K5: 2724.929 | L5: 4565.03
A6: Amazonas | B6: 476.09 | C6: 27938.43 | D6: 6567.53 | E6: 0 | F6: 307947.11 | G6: 0 | H6: 127.63 | I6: 0 | J6: 62.88 | K6: 0 | L6: 0
A7: Ancash | B7: 11981.5 | C7: 107604.8 | D7: 10546.35 | E7: 3017.8 | F7: 65150 | G7: 0 | H7: 7152.2 | I7: 0 | J7: 401.6 | K7: 578.7 | L7: 0
A8: Apurímac | B8: 7338.26 | C8: 3963.3 | D8: 36873.039 | E8: 164 | F8: 0 | G8: 0 | H8: 7287.837 | I8: 1383.26 | J8: 6394.488 | K8: 1127.879 | L8: 0
A9: Arequipa | B9: 11388.23 | C9: 1367.223 | D9: 7263.042 | E9: 1964.042 | F9: 250051.44 | G9: 149.56 | H9: 1101.704 | I9: 0 | J9: 6206.238 | K9: 291.55 | L9: 8.52
A10: Ayacucho | B10: 9749 | C10: 1919 | D10: 18188 | E10: 1398 | F10: 201 | G10: 0 | H10: 13520 | I10: 2084 | J10: 16657 | K10: 100 | L10: 0
A11: Cajamarca | B11: 27696.768 | C11: 61636.368 | D11: 28383.628 | E11: 969.07 | F11: 195640.99 | G11: 0 | H11: 9784.749 | I11: 0 | J11: 750.76 | K11: 0 | L11: 0
A12: Cusco | B12: 17870.65 | C12: 4679.76 | D12: 60288.63 | E12: 0 | F12: 2597.5 | G12: 0 | H12: 26752.71 | I12: 7568.05 | J12: 3936.83 | K12: 496.4 | L12: 266.6
A13: Huancavelica | B13: 6614.187 | C13: 411.299 | D13: 25367.572 | E13: 0 | F13: 0 | G13: 0 | H13: 21256.208 | I13: 599.56 | J13: 1189.331 | K13: 19.2 | L13: 0
A14: Huánuco | B14: 8332 | C14: 43096 | D14: 12015 | E14: 1703 | F14: 48301 | G14: 0 | H14: 7943 | I14: 1261.5 | J14: 661 | K14: 0 | L14: 0
A15: Ica | B15: 87.69 | C15: 167414.18 | D15: 239.769 | E15: 812.489 | F15: 0 | G15: 0 | H15: 164.2 | I15: 0 | J15: 10.15 | K15: 0 | L15: 0
A16: Junín | B16: 11672.549 | C16: 17892.94 | D16: 17003.02 | E16: 0 | F16: 3958.9 | G16: 0 | H16: 22186.75 | I16: 0 | J16: 3801.71 | K16: 0 | L16: 0
... A30: Ucayali | B30: 0 | C30: 25790.26 | D30: 0 | E30: 0 | F30: 26934.345 | G30: 0 | H30: 0 | I30: 0 | J30: 0 | K30: 0 | L30: 0
A31: Fuente: SIEA

Sheet C.12
A1: C.12 PERU: TRIGO POR REGIÓN SEGÚN VARIABLES PRODUCTIVAS, 2015-2016
A3: Región | B3: Superficie cosechada (ha) | F3: Producción (t) | J3: Rendimiento (t/ ha) | M3: Precio al productor (S/ /t)
B4: 2015 | C4: 2016 | D4: Var. % | E4: Part % 2016 | F4: 2015 | G4: 2016 | H4: Var. % | I4: Part % 2016 | J4: 2015 | K4: 2016 | L4: Var. % | M4: 2015 | N4: 2016 | O4: Var. %
A5: Nacional | B5: 138357.13 | C5: 127179.75 | D5: -8.078644 | E5: 100 | F5: 214848.62 | G5: 191108.27 | H5: -11.0498 | I5: 100 | J5: 1.5528554 | K5: 1.5026628 | L5: -3.2322802 | M5: 1505.3321 | N5: 1567.3639 | O5: 4.1208043
A6: Amazonas | B6: 531 | C6: 474 | D6: -10.734463 | E6: 0.37270084 | F6: 572.1 | G6: 476.09 | H6: -16.782031 | I6: 0.24912056 | J6: 1.0774011 | K6: 1.0044093 | L6: -6.774807 | M6: 1688.4391 | N6: 1782.8486 | O6: 5.5915276
A7: Ancash | B7: 15707 | C7: 12262 | D7: -21.932896 | E7: 9.641472 | F7: 15874.2 | G7: 11981.5 | H7: -24.522181 | I7: 6.2694826 | J7: 1.0106449 | K7: 0.97712445 | L7: -3.3167421 | M7: 1959.3416 | N7: 1998.8315 | O7: 2.0154709
A8: Apurimac | B8: 4442 | C8: 4760.5 | D8: 7.1701936 | E8: 3.7431273 | F8: 7013.129 | G8: 7338.26 | H8: 4.6360334 | I8: 3.8398442 | J8: 1.5788224 | K8: 1.5414893 | L8: -2.3646129 | M8: 1397.3528 | N8: 1778.399 | O8: 27.269146
A9: Arequipa | B9: 2354 | C9: 1638 | D9: -30.416313 | E9: 1.2879409 | F9: 16284.314 | G9: 11388.23 | H9: -30.066259 | I9: 5.959046 | J9: 6.9177205 | K9: 6.9525214 | L9: 0.50306878 | M9: 1411.6197 | N9: 1418.9368 | O9: 0.51834447
A10: Ayacucho | B10: 10157 | C10: 8655 | D10: -14.787831 | E10: 6.8053287 | F10: 12551 | G10: 9749 | H10: -22.324914 | I10: 5.1012966 | J10: 1.2356995 | K10: 1.1264009 | L10: -8.8450786 | M10: 1767.4974 | N10: 1680.719 | O10: -4.9096741
A11: Cajamarca | B11: 28057 | C11: 28344 | D11: 1.0229176 | E11: 22.286567 | F11: 30064.772 | G11: 27696.768 | H11: -7.8763411 | I11: 14.49271 | J11: 1.0715605 | K11: 0.97716511 | L11: -8.8091484 | M11: 1332.8425 | N11: 1449.4547 | O11: 8.7491391
A12: Cusco | B12: 10140.5 | C12: 10338.25 | D12: 1.9501011 | E12: 8.1288491 | F12: 17980.9 | G12: 17870.65 | H12: -0.61315062 | I12: 9.3510603 | J12: 1.7731769 | K12: 1.7285953 | L12: -2.5142218 | M12: 1722.1562 | N12: 1726.8091 | O12: 0.27017995
A13: Huancavelica | B13: 4636.5 | C13: 4317.75 | D13: -6.8747978 | E13: 3.394998 | F13: 6762.325 | G13: 6614.187 | H13: -2.1906371 | I13: 3.4609632 | J13: 1.4584978 | K13: 1.5318596 | L13: 5.0299603 | M13: 1062.9912 | N13: 1170.8901 | O13: 10.150499
A14: Huánuco | B14: 10348.5 | C14: 7746.25 | D14: -25.146156 | E14: 6.0907888 | F14: 13909 | G14: 8332 | H14: -40.09634 | I14: 4.3598321 | J14: 1.3440595 | K14: 1.0756172 | L14: -19.9725 | M14: 1712.1876 | N14: 1865.2048 | O14: 8.9369354
A15: Ica | B15: 50 | C15: 52 | D15: 4 | E15: 0.040887012 | F15: 93.069 | G15: 87.69 | H15: -5.7795829 | I15: 0.045884983 | J15: 1.86138 | K15: 1.6863462 | L15: -9.4034451 | M15: 1892.6195 | N15: 1562.4587 | O15: -17.444648
A16: Junín | B16: 5387.63 | C16: 5164 | D16: -4.1508047 | E16: 4.0603948 | F16: 12947.369 | G16: 11672.549 | H16: -9.8461703 | I16: 6.1078198 | J16: 2.403166 | K16: 2.2603697 | L16: -5.9420067 | M16: 1347.3073 | N16: 1695.1978 | O16: 25.821173
... A25: Tacna | B25: 14 | C25: 19 | D25: 35.714286 | E25: 0.014939485 | F25: 42 | G25: 53 | H25: 26.190476 | I25: 0.02773297 | J25: 3 | K25: 2.7894737 | L25: -7.0175439 | M25: 1400 | N25: 1454.717 | O25: 3.9083558
A26: Fuente: SIEA

Sheet C.13
A1: C.13 PERU: MAIZ AMARILLO DURO POR REGIÓN SEGÚN VARIABLES PRODUCTIVAS, 2015-2016
A3: Región | B3: Superficie cosechada (ha) | F3: Producción (t) | J3: Rendimiento (t/ ha) | M3: Precio al productor (S/ /t)
B4: 2015 | C4: 2016 | D4: Var. % | E4: Part % 2016 | F4: 2015 | G4: 2016 | H4: Var. % | I4: Part % 2016 | J4: 2015 | K4: 2016 | L4: Var. % | M4: 2015 | N4: 2016 | O4: Var. %
A5: Nacional | B5: 297588.17 | C5: 267575.5 | D5: -10.085303 | E5: 100 | F5: 1438562.4 | G5: 1232383 | H5: -14.332326 | I5: 100 | J5: 4.8340713 | K5: 4.6057392 | L5: -4.7233913 | M5: 899.46034 | N5: 991.71405 | O5: 10.256563
A6: Amazonas | B6: 11753.5 | C6: 12171.3 | D6: 3.5546858 | E6: 4.5487348 | F6: 27843.47 | G6: 27938.43 | H6: 0.34104945 | I6: 2.267025 | J6: 2.3689514 | K6: 2.2954352 | L6: -3.103323 | M6: 1028.5975 | N6: 1133.0492 | O6: 10.15477
A7: Ancash | B7: 16251 | C7: 16440 | D7: 1.1630054 | E7: 6.1440603 | F7: 118914.4 | G7: 107604.8 | H7: -9.5107069 | I7: 8.7314417 | J7: 7.3173589 | K7: 6.5453041 | L7: -10.551003 | M7: 851.21659 | N7: 1003.0831 | O7: 17.841117
A8: Apurimac | B8: 1164 | C8: 2156.5 | D8: 85.266323 | E8: 0.80594075 | F8: 2222.43 | G8: 3963.3 | H8: 78.331826 | I8: 0.32159646 | J8: 1.9093041 | K8: 1.8378391 | L8: -3.7429884 | M8: 1178.8551 | N8: 1410.5571 | O8: 19.654831
A9: Arequipa | B9: 164 | C9: 194 | D9: 18.292683 | E9: 0.072502901 | F9: 1304.929 | G9: 1367.223 | H9: 4.7737463 | I9: 0.11094141 | J9: 7.9568841 | K9: 7.0475412 | L9: -11.428379 | M9: 1019.2313 | N9: 1021.4577 | O9: 0.21843333
A10: Ayacucho | B10: 897 | C10: 863 | D10: -3.7904125 | E10: 0.32252579 | F10: 2079 | G10: 1919 | H10: -7.6960077 | I10: 0.15571458 | J10: 2.3177258 | K10: 2.2236385 | L10: -4.0594657 | M10: 1112.8283 | N10: 1361.1464 | O10: 22.314148
A11: Cajamarca | B11: 19345.5 | C11: 18507 | D11: -4.3343413 | E11: 6.9165525 | F11: 63323.434 | G11: 61636.368 | H11: -2.6642049 | I11: 5.0013973 | J11: 3.2732901 | K11: 3.3304354 | L11: 1.7458056 | M11: 781.26606 | N11: 848.88751 | O11: 8.6553676
A12: Cusco | B12: 2743 | C12: 2866 | D12: 4.4841415 | E12: 1.0710996 | F12: 4658.85 | G12: 4679.76 | H12: 0.44882321 | I12: 0.37973261 | J12: 1.6984506 | K12: 1.6328542 | L12: -3.8621347 | M12: 1515.9425 | N12: 1442.0543 | O12: -4.8740749
A13: Huancavelica | B13: 264.9 | C13: 268.3 | D13: 1.2835032 | E13: 0.10027076 | F13: 393.05 | G13: 411.299 | H13: 4.6429207 | I13: 0.033374285 | J13: 1.4837675 | K13: 1.5329817 | L13: 3.3168457 | M13: 901.88271 | N13: 956.54038 | O13: 6.060396
A14: Huánuco | B14: 11447.25 | C14: 10863.5 | D14: -5.099478 | E14: 4.0599756 | F14: 42053.6 | G14: 43096 | H14: 2.4787414 | I14: 3.4969649 | J14: 3.6736858 | K14: 3.9670456 | L14: 7.985435 | M14: 1050.0151 | N14: 1046.3996 | O14: -0.34433097
A15: Ica | B15: 17675.27 | C15: 17741.3 | D15: 0.37357279 | E15: 6.6303903 | F15: 181320.71 | G15: 167414.18 | H15: -7.6695725 | I15: 13.584591 | J15: 10.258441 | K15: 9.4364102 | L15: -8.0132101 | M15: 936.42107 | N15: 1061.2273 | O15: 13.328004
A16: Junín | B16: 5998.75 | C16: 5588 | D16: -6.8472598 | E16: 2.0883825 | F16: 17862.6 | G16: 17892.94 | H16: 0.16985209 | I16: 1.4518977 | J16: 2.9777204 | K16: 3.2020293 | L16: 7.5329099 | M16: 849.75065 | N16: 899.47912 | O16: 5.8521252
... A30: Ucayali | B30: 12691 | C30: 11429 | D30: -9.9440548 | E30: 4.2713178 | F30: 28106.173 | G30: 25790.26 | H30: -8.2398731 | I30: 2.0927147 | J30: 2.2146539 | K30: 2.2565631 | L30: 1.8923589 | M30: 878.27786 | N30: 986.55109 | O30: 12.327902
A31: Fuente: SIEA

Sheet C.14
A1: C.14 PERU: MAIZ AMILACEO POR REGIÓN SEGÚN VARIABLES PRODUCTIVAS, 2015-2016
A3: Región | B3: Superficie cosechada (ha) | F3: Producción (t) | J3: Rendimiento (t/ ha) | M3: Precio al productor (S/ /t)
B4: 2015 | C4: 2016 | D4: Var. % | E4: Part % 2015 | F4: 2015 | G4: 2016 | H4: Var. % | I4: Part % 2015 | J4: 2015 | K4: 2016 | L4: Var. % | M4: 2015 | N4: 2016 | O4: Var. %
A5: Nacional | B5: 216245.56 | C5: 197311.52 | D5: -8.7558052 | E5: 100 | F5: 307865.17 | G5: 277426.09 | H5: -9.887145 | I5: 100 | J5: 1.4236832 | K5: 1.4060309 | L5: -1.2399034 | M5: 1505.3321 | N5: 1567.3639 | O5: 4.1208043
A6: Amazonas | B6: 10730.5 | C6: 7511 | D6: -30.003262 | E6: 3.8066708 | F6: 8820.77 | G6: 6567.53 | H6: -25.544709 | I6: 2.3673079 | J6: 0.82202786 | K6: 0.87438823 | L6: 6.3696583 | M6: 1688.4391 | N6: 1782.8486 | O6: 5.5915276
A7: Ancash | B7: 10959 | C7: 8932 | D7: -18.496213 | E7: 4.5268518 | F7: 13099.8 | G7: 10546.35 | H7: -19.492282 | I7: 3.8014989 | J7: 1.1953463 | K7: 1.1807378 | L7: -1.222114 | M7: 1959.3416 | N7: 1998.8315 | O7: 2.0154709
A8: Apurimac | B8: 23657.11 | C8: 22035 | D8: -6.8567547 | E8: 11.16762 | F8: 39633.795 | G8: 36873.039 | H8: -6.9656615 | I8: 13.291121 | J8: 1.6753439 | K8: 1.673385 | L8: -0.116924 | M8: 1397.3528 | N8: 1778.399 | O8: 27.269146
A9: Arequipa | B9: 2781 | C9: 2346 | D9: -15.641855 | E9: 1.1889828 | F9: 8539.423 | G9: 7263.042 | H9: -14.946923 | I9: 2.6180097 | J9: 3.0706303 | K9: 3.0959258 | L9: 0.82378794 | M9: 1411.6197 | N9: 1418.9368 | O9: 0.51834447
A10: Ayacucho | B10: 19132 | C10: 17013 | D10: -11.075685 | E10: 8.6224058 | F10: 20774 | G10: 18188 | H10: -12.448253 | I10: 6.5559803 | J10: 1.0858248 | K10: 1.0690648 | L10: -1.5435237 | M10: 1767.4974 | N10: 1680.719 | O10: -4.9096741
A11: Cajamarca | B11: 40039.5 | C11: 37673 | D11: -5.9104135 | E11: 19.093158 | F11: 31442.479 | G11: 28383.628 | H11: -9.7284028 | I11: 10.231059 | J11: 0.7852865 | K11: 0.75342096 | L11: -4.0578235 | M11: 1332.8425 | N11: 1449.4547 | O11: 8.7491391
A12: Cusco | B12: 25431.42 | C12: 24588.77 | D12: -3.313421 | E12: 12.461903 | F12: 64847.5 | G12: 60288.63 | H12: -7.0301399 | I12: 21.73142 | J12: 2.5498969 | K12: 2.4518766 | L12: -3.8440899 | M12: 1722.1562 | N12: 1726.8091 | O12: 0.27017995
A13: Huancavelica | B13: 17033 | C13: 16176.2 | D13: -5.0302354 | E13: 8.1983049 | F13: 25578.394 | G13: 25367.572 | H13: -0.82421907 | I13: 9.1439026 | J13: 1.5016964 | K13: 1.5682034 | L13: 4.4287952 | M13: 1062.9912 | N13: 1170.8901 | O13: 10.150499
A14: Huánuco | B14: 15252.5 | C14: 13596 | D14: -10.860515 | E14: 6.8906266 | F14: 17937 | G14: 12015 | H14: -33.015554 | I14: 4.3308831 | J14: 1.1760039 | K14: 0.8837158 | L14: -24.85435 | M14: 1712.1876 | N14: 1865.2048 | O14: 8.9369354
A15: Ica | B15: 161.99 | C15: 72.05 | D15: -55.521946 | E15: 0.036515861 | F15: 448.397 | G15: 239.769 | H15: -46.527519 | I15: 0.086426261 | J15: 2.7680536 | K15: 3.327814 | L15: 20.222168 | M15: 1892.6195 | N15: 1562.4587 | O15: -17.444648
A16: Junín | B16: 8169.04 | C16: 7825.5 | D16: -4.2053901 | E16: 3.9660634 | F16: 19032.8 | G16: 17003.02 | H16: -10.664642 | I16: 6.1288467 | J16: 2.3298699 | K16: 2.1727711 | L16: -6.7428136 | M16: 1347.3073 | N16: 1695.1978 | O16: 25.821173
... A24: Tacna | B24: 326 | C24: 480 | D24: 47.239264 | E24: 0.24327013 | F24: 688 | G24: 969 | H24: 40.843023 | I24: 0.34928221 | J24: 2.1104294 | K24: 2.01875 | L24: -4.3441134 | M24: 1400 | N24: 1454.717 | O24: 3.9083558
A25: r Revisado
A26: Fuente: SIEA

Sheet C.15
A1: C.15 PERU: MAIZ MORADO POR REGIÓN SEGÚN VARIABLES PRODUCTIVAS, 2015-2016
A3: Región | B3: Superficie cosechada (ha) | F3: Producción (t) | J3: Rendimiento (t/ ha) | M3: Precio al productor (S/ /t)
B4: 2015 | C4: 2016 | D4: Var. % | E4: Part % 2015 | F4: 2015 | G4: 2016 | H4: Var. % | I4: Part % 2015 | J4: 2015 | K4: 2016 | L4: Var. % | M4: 2015 | N4: 2016 | O4: Var. %
A5: Nacional | B5: 3772 | C5: 3882.65 | D5: 2.9334571 | E5: 100 | F5: 21160.248 | G5: 21356.781 | H5: 0.92878401 | I5: 100 | J5: 5.6098218 | K5: 5.5005682 | L5: -1.9475427 | M5: 1230.9686 | N5: 1617.3182 | O5: 31.385819
A6: Ancash | B6: 389 | C6: 581 | D6: 49.357326 | E6: 14.964007 | F6: 2048 | G6: 3017.8 | H6: 47.353516 | I6: 14.130407 | J6: 5.2647815 | K6: 5.194148 | L6: -1.3416221 | M6: 987.93945 | N6: 2029.3956 | O6: 105.417
A7: Apurimac | B7: 42 | C7: 49 | D7: 16.666667 | E7: 1.2620246 | F7: 113.4 | G7: 164 | H7: 44.620811 | I7: 0.76790599 | J7: 2.7 | K7: 3.3469388 | L7: 23.960695 | M7: 1473.545 | N7: 1826.8293 | O7: 23.975128
A8: Arequipa | B8: 300 | C8: 385 | D8: 28.333333 | E8: 9.9159079 | F8: 1532.666 | G8: 1964.042 | H8: 28.145467 | I8: 9.1963391 | J8: 5.1088867 | K8: 5.1014078 | L8: -0.14638952 | M8: 1669.0032 | N8: 1645.6131 | O8: -1.4014373
A9: Ayacucho | B9: 411 | C9: 464 | D9: 12.895377 | E9: 11.950601 | F9: 1303 | G9: 1398 | H9: 7.2908672 | I9: 6.5459303 | J9: 3.1703163 | K9: 3.012931 | L9: -4.9643396 | M9: 1401.8419 | N9: 1645.0286 | O9: 17.347656
A10: Cajamarca | B10: 103 | C10: 248 | D10: 140.7767 | E10: 6.3873901 | F10: 388.85 | G10: 969.07 | H10: 149.21435 | I10: 4.5375284 | J10: 3.7752427 | K10: 3.9075403 | L10: 3.504347 | M10: 1057.0348 | N10: 2349.2214 | O10: 122.24636
A11: Huánuco | B11: 303.5 | C11: 252.25 | D11: -16.886326 | E11: 6.4968514 | F11: 2130 | G11: 1703 | H11: -20.046948 | I11: 7.9740481 | J11: 7.0181219 | K11: 6.7512389 | L11: -3.8027704 | M11: 945.39202 | N11: 1287.3324 | O11: 36.169158
A12: Ica | B12: 167 | C12: 156.9 | D12: -6.0479042 | E12: 4.0410544 | F12: 791.642 | G12: 812.489 | H12: 2.6333873 | I12: 3.8043608 | J12: 4.7403713 | K12: 5.1783875 | L12: 9.2401254 | M12: 1841.1049 | N12: 2046.1082 | O12: 11.134794
A13: La Libertad | B13: 331.5 | C13: 281.5 | D13: -15.082956 | E13: 7.2502028 | F13: 1888.8 | G13: 1594.9 | H13: -15.560144 | I13: 7.4678857 | J13: 5.6977376 | K13: 5.6657194 | L13: -0.56194578 | M13: 1462.7753 | N13: 1536.2988 | O13: 5.0263031
A14: Lima | B14: 1695 | C14: 1429 | D14: -15.693215 | E14: 36.80476 | F14: 10762 | G14: 9485 | H14: -11.865824 | I14: 44.412124 | J14: 6.3492625 | K14: 6.6375087 | L14: 4.5398376 | M14: 1162.2514 | N14: 1440.019 | O14: 23.899092
A15: Lima Metropolitana | B15: 0 | C15: 6 | D15: - | E15: 0.15453363 | F15: 0 | G15: 35.2 | H15: - | I15: 0.16481885 | J15: - | K15: 5.8666667 | L15: - | M15: - | N15: 1000 | O15: -
A16: Moquegua | B16: 30 | C16: 30 | D16: 0 | E16: 0.77266815 | F16: 201.89 | G16: 213.28 | H16: 5.6416861 | I16: 0.99865237 | J16: 6.7296667 | K16: 7.1093333 | L16: 5.6416861 | M16: 1581.691 | N16: 1451.8309 | O16: -8.2102061
A17: Fuente: SIEA

Sheet C.16
A1: C.16 PERU: ARROZ CON CASCARILLA POR REGIÓN SEGÚN VARIABLES PRODUCTIVAS, 2015-2016
A3: Región | B3: Superficie cosechada (ha) | F3: Producción (t) | J3: Rendimiento (t/ ha) | M3: Precio al productor (S/ /t)
B4: 2015 | C4: 2016 | D4: Var. % | E4: Part % 2015 | F4: 2015 | G4: 2016 | H4: Var. % | I4: Part % 2015 | J4: 2015 | K4: 2016 | L4: Var. % | M4: 2015 | N4: 2016 | O4: Var. %
A5: Nacional | B5: 399501 | C5: 419563.25 | D5: 5.0218272 | E5: 100 | F5: 3151408.4 | G5: 3165749 | H5: 0.45505216 | I5: 100 | J5: 7.8883618 | K5: 7.5453438 | L5: -4.3484057 | M5: 1094.5678 | N5: 1152.0871 | O5: 5.2549766
A6: Amazonas | B6: 46021 | C6: 41567 | D6: -9.6781904 | E6: 9.9072071 | F6: 351620 | G6: 307947.11 | H6: -12.420479 | I6: 9.7274646 | J6: 7.640425 | K6: 7.4084517 | L6: -3.0361314 | M6: 1043.3801 | N6: 1028.9889 | O6: -1.3792845
A7: Ancash | B7: 4190 | C7: 6795 | D7: 62.171838 | E7: 1.6195413 | F7: 49530 | G7: 65150 | H7: 31.536443 | I7: 2.0579648 | J7: 11.821002 | K7: 9.5879323 | L7: -18.8907 | M7: 1203.509 | N7: 1177.3062 | O7: -2.1771975
A8: Arequipa | B8: 20339 | C8: 19939 | D8: -1.966665 | E8: 4.7523228 | F8: 263434.4 | G8: 250051.44 | H8: -5.0801888 | I8: 7.8986501 | J8: 12.952181 | K8: 12.540821 | L8: -3.1759848 | M8: 1185.1957 | N8: 1224.883 | O8: 3.3485864
A9: Ayacucho | B9: 148 | C9: 80 | D9: -45.945946 | E9: 0.019067447 | F9: 345 | G9: 201 | H9: -41.73913 | I9: 0.0063492084 | J9: 2.3310811 | K9: 2.5125 | L9: 7.7826087 | M9: 1345.7681 | N9: 1498.5075 | O9: 11.349604
A10: Cajamarca | B10: 25392.5 | C10: 24886 | D10: -1.9946835 | E10: 5.9314061 | F10: 200309.31 | G10: 195640.99 | H10: -2.3305566 | I10: 6.1799275 | J10: 7.8885228 | K10: 7.8614881 | L10: -0.34270911 | M10: 1071.0655 | N10: 1128.7606 | O10: 5.3866973
A11: Cusco | B11: 1692 | C11: 1476 | D11: -12.765957 | E11: 0.3517944 | F11: 3250.4 | G11: 2597.5 | H11: -20.086759 | I11: 0.082050094 | J11: 1.9210402 | K11: 1.7598238 | L11: -8.3921379 | M11: 1114.2914 | N11: 1355.3186 | O11: 21.630532
A12: Huánuco | B12: 7576 | C12: 9151 | D12: 20.789335 | E12: 2.1810776 | F12: 34554 | G12: 48301 | H12: 39.784106 | I12: 1.5257369 | J12: 4.560982 | K12: 5.278221 | L12: 15.725537 | M12: 994.34016 | N12: 1018.0052 | O12: 2.3799757
A13: Junín | B13: 1381 | C13: 1214 | D13: -12.092686 | E13: 0.28934851 | F13: 4575.35 | G13: 3958.9 | H13: -13.473286 | I13: 0.12505413 | J13: 3.3130702 | K13: 3.2610379 | L13: -1.5705175 | M13: 973.6277 | N13: 1065.4357 | O13: 9.4294797
A14: La Libertad | B14: 32641 | C14: 32857 | D14: 0.66174443 | E14: 7.8312388 | F14: 344536 | G14: 334920 | H14: -2.7910001 | I14: 10.579487 | J14: 10.555314 | K14: 10.193262 | L14: -3.4300464 | M14: 1160.539 | N14: 1293.8368 | O14: 11.485856
A15: Lambayeque | B15: 49452 | C15: 49831 | D15: 0.76639974 | E15: 11.876874 | F15: 455188 | G15: 399038 | H15: -12.335562 | I15: 12.604853 | J15: 9.2046429 | K15: 8.0078265 | L15: -13.002313 | M15: 1151.1471 | N15: 1280.567 | O15: 11.242688
A16: Loreto | B16: 31526 | C16: 33046 | D16: 4.8214172 | E16: 7.8762856 | F16: 92285.75 | G16: 96716 | H16: 4.8005786 | I16: 3.0550748 | J16: 2.9272902 | K16: 2.9267082 | L16: -0.019880103 | M16: 600.315 | N16: 598.73216 | O16: -0.26366751
... A23: Ucayali | B23: 10120 | C23: 9821 | D23: -2.9545455 | E23: 2.3407675 | F23: 26728.838 | G23: 26934.345 | H23: 0.76885871 | I23: 0.85080482 | J23: 2.6411895 | K23: 2.7425257 | L23: 3.8367631 | M23: 844.0001 | N23: 866.4624 | O23: 2.6614087
A24: Fuente: SIEA

Sheet C.17
A1: C.17 PERU: SORGO GRANO POR REGIÓN SEGÚN VARIABLES PRODUCTIVAS, 2015-2016
A3: Región | B3: Superficie cosechada (ha) | F3: Producción (t) | J3: Rendimiento (t/ ha) | M3: Precio al productor (S/ /t)
B4: 2015 | C4: 2016 | D4: Var. % | E4: Part % 2015 | F4: 2015 | G4: 2016 | H4: Var. % | I4: Part % 2015 | J4: 2015 | K4: 2016 | L4: Var. % | M4: 2015 | N4: 2016 | O4: Var. %
A5: Nacional | B5: 39 | C5: 44 | D5: 12.820513 | E5: 100 | F5: 157.109 | G5: 167.56 | H5: 6.6520696 | I5: 100 | J5: 4.0284359 | K5: 3.8081818 | L5: -5.4674838 | M5: 579.90631 | N5: 597.77513 | O5: 3.0813285
A6: Arequipa | B6: 29 | C6: 39 | D6: 34.482759 | E6: 88.636364 | F6: 107.109 | G6: 149.56 | H6: 39.633458 | I6: 89.257579 | J6: 3.6934138 | K6: 3.8348718 | L6: 3.8300069 | M6: 570.52629 | N6: 549.36614 | O6: -3.7088818
A7: La Libertad | B7: 0 | C7: 5 | D7: - | E7: 11.363636 | F7: 0 | G7: 18 | H7: - | I7: 10.742421 | J7: - | K7: 3.6 | L7: - | M7: - | N7: 1000 | O7: -
A8: Piura | B8: 10 | C8: 0 | D8: -100 | E8: 0 | F8: 50 | G8: 0 | H8: -100 | I8: 0 | J8: 5 | K8: - | L8: - | M8: 600 | N8: - | O8: -
A9: Fuente: SIEA

Sheet C.18
A1: C.18 PERU: CEBADA GRANO POR REGIÓN SEGÚN VARIABLES PRODUCTIVAS, 2015-2016
A3: Región | B3: Superficie cosechada (ha) | F3: Producción (t) | J3: Rendimiento (t/ ha) | M3: Precio al productor (S/ /t)
B4: 2015 | C4: 2016 | D4: Var. % | E4: Part % 2015 | F4: 2015 | G4: 2016 | H4: Var. % | I4: Part % 2015 | J4: 2015 | K4: 2016 | L4: Var. % | M4: 2015 | N4: 2016 | O4: Var. %
A5: Nacional | B5: 145836.9 | C5: 135743.88 | D5: -6.9207581 | E5: 100 | F5: 227168.45 | G5: 204497.2 | H5: -9.9799302 | I5: 100 | J5: 1.5576884 | K5: 1.506493 | L5: -3.286632 | M5: 1222.497 | N5: 1240.0899 | O5: 1.4390935
A6: Amazonas | B6: 193 | C6: 137 | D6: -29.015544 | E6: 0.10092536 | F6: 222.29 | G6: 127.63 | H6: -42.584012 | I6: 0.062411613 | J6: 1.1517617 | K6: 0.93160584 | L6: -19.114703 | M6: 1381.6568 | N6: 1355.9116 | O6: -1.8633589
A7: Ancash | B7: 8739 | C7: 7325 | D7: -16.180341 | E7: 5.3961917 | F7: 8739 | G7: 7152.2 | H7: -18.157684 | I7: 3.4974562 | J7: 1 | K7: 0.97640956 | L7: -2.3590444 | M7: 1527.4494 | N7: 1497.3295 | O7: -1.9719064
A8: Apurimac | B8: 5184.5 | C8: 4348.75 | D8: -16.120166 | E8: 3.2036435 | F8: 10418.83 | G8: 7287.837 | H8: -30.051292 | I8: 3.5637833 | J8: 2.0096113 | K8: 1.6758464 | L8: -16.608433 | M8: 1311.1912 | N8: 1300.0486 | O8: -0.84981044
A9: Arequipa | B9: 539 | C9: 394 | D9: -26.90167 | E9: 0.2902525 | F9: 1509.584 | G9: 1101.704 | H9: -27.019364 | I9: 0.53873794 | J9: 2.8007124 | K9: 2.796203 | L9: -0.16100849 | M9: 1604.2384 | N9: 1701.9008 | O9: 6.0877751
A10: Ayacucho | B10: 14098 | C10: 12476 | D10: -11.505178 | E10: 9.1908379 | F10: 17430 | G10: 13520 | H10: -22.432587 | I10: 6.6113375 | J10: 1.2363456 | K10: 1.0836807 | L10: -12.348078 | M10: 1284.3029 | N10: 1390.4438 | O10: 8.2644724
A11: Cajamarca | B11: 11596.5 | C11: 10477.75 | D11: -9.6473074 | E11: 7.7187642 | F11: 10437.009 | G11: 9784.749 | H11: -6.2494916 | I11: 4.7847839 | J11: 0.90001371 | K11: 0.93385975 | L11: 3.7606138 | M11: 1227.7636 | N11: 1313.2358 | O11: 6.9616191
A12: Cusco | B12: 15999.5 | C12: 14455.13 | D12: -9.6526141 | E12: 10.648826 | F12: 30817.929 | G12: 26752.71 | H12: -13.191084 | I12: 13.082189 | J12: 1.9261808 | K12: 1.8507416 | L12: -3.9165164 | M12: 1379.3939 | N12: 1448.7238 | O12: 5.0261123
A13: Huancavelica | B13: 15477.5 | C13: 13863 | D13: -10.431271 | E13: 10.212615 | F13: 23110.92 | G13: 21256.208 | H13: -8.0252625 | I13: 10.394376 | J13: 1.4931946 | K13: 1.5333051 | L13: 2.6862151 | M13: 860.36519 | N13: 942.32392 | O13: 9.5260405
A14: Huánuco | B14: 6909.5 | C14: 6042.75 | D14: -12.544323 | E14: 4.4515819 | F14: 9714 | G14: 7943 | H14: -18.231419 | I14: 3.8841608 | J14: 1.4058904 | K14: 1.3144678 | L14: -6.5028318 | M14: 1382.0674 | N14: 1418.7757 | O14: 2.6560371
A15: Ica | B15: 61 | C15: 78 | D15: 27.868852 | E15: 0.057461154 | F15: 148.83 | G15: 164.2 | H15: 10.327219 | I15: 0.080294498 | J15: 2.4398361 | K15: 2.1051282 | L15: -13.718457 | M15: 1649.0761 | N15: 1217.7223 | O15: -26.157303
A16: Junín | B16: 10636.399 | C16: 10529 | D16: -1.0097308 | E16: 7.7565191 | F16: 23907.4 | G16: 22186.75 | H16: -7.197144 | I16: 10.849415 | J16: 2.2476968 | K16: 2.1072039 | L16: -6.2505266 | M16: 974.53195 | N16: 1224.2176 | O16: 25.621085
... A24: Puno | B24: 27076 | C24: 27580 | D24: 1.8614271 | E24: 20.317675 | F24: 30570.34 | G24: 28561.75 | H24: -6.5703882 | I24: 13.966817 | J24: 1.1290567 | K24: 1.0355964 | L24: -8.2777313 | M24: 1321.9938 | N24: 1298.644 | O24: -1.7662557
A25: Fuente: SIEA

Sheet C.19
A1: C.19 PERU: AVENA POR REGIÓN SEGÚN VARIABLES PRODUCTIVAS, 2015-2016
A3: Región | B3: Superficie cosechada (ha) | F3: Producción (t) | J3: Rendimiento (t/ ha) | M3: Precio al productor (S/ /t)
B4: 2015 | C4: 2016 | D4: Var. % | E4: Part % 2015 | F4: 2015 | G4: 2016 | H4: Var. % | I4: Part % 2015 | J4: 2015 | K4: 2016 | L4: Var. % | M4: 2015 | N4: 2016 | O4: Var. %
A5: Nacional | B5: 12998 | C5: 15793.2 | D5: 21.504847 | E5: 100 | F5: 15908.088 | G5: 20845.869 | H5: 31.039437 | I5: 100 | J5: 1.2238874 | K5: 1.3199269 | L5: 7.8470865 | M5: 1498.7182 | N5: 1630.0985 | O5: 8.7661749
A6: Apurimac | B6: 417 | C6: 720.5 | D6: 72.781775 | E6: 4.56209 | F6: 678.92 | G6: 1383.26 | H6: 103.74418 | I6: 6.6356552 | J6: 1.6281055 | K6: 1.9198612 | L6: 17.91995 | M6: 1286.6869 | N6: 1296.3131 | O6: 0.74813175
A7: Ayacucho | B7: 1833 | C7: 1772 | D7: -3.3278778 | E7: 11.220019 | F7: 2230 | G7: 2084 | H7: -6.5470852 | I7: 9.9971846 | J7: 1.2165848 | K7: 1.1760722 | L7: -3.3300266 | M7: 987.17937 | N7: 1210.5374 | O7: 22.625884
A8: Cusco | B8: 2053 | C8: 3829.2 | D8: 86.517292 | E8: 24.245878 | F8: 3717.9 | G8: 7568.05 | H8: 103.55712 | I8: 36.304795 | J8: 1.8109596 | K8: 1.976405 | L8: 9.1357877 | M8: 1496.2281 | N8: 1835.5164 | O8: 22.676242
A9: Huancavelica | B9: 497 | C9: 439.5 | D9: -11.569416 | E9: 2.7828432 | F9: 658.518 | G9: 599.56 | H9: -8.9531342 | I9: 2.8761574 | J9: 1.3249859 | K9: 1.3641866 | L9: 2.9585718 | M9: 1196.2041 | N9: 1192.8081 | O9: -0.28389746
A10: Huánuco | B10: 1080.5 | C10: 833 | D10: -22.906062 | E10: 5.2744219 | F10: 1588 | G10: 1261.5 | H10: -20.560453 | I10: 6.0515587 | J10: 1.46969 | K10: 1.5144058 | L10: 3.0425331 | M10: 1691.0378 | N10: 1802.1696 | O10: 6.5718139
A11: La Libertad | B11: 68.5 | C11: 0 | D11: -100 | E11: 0 | F11: 103.5 | G11: 0 | H11: -100 | I11: 0 | J11: 1.5109489 | K11: - | L11: - | M11: 2213.5266 | N11: - | O11: -
A12: Puno | B12: 7049 | C12: 8199 | D12: 16.314371 | E12: 51.914748 | F12: 6931.25 | G12: 7949.499 | H12: 14.690698 | I12: 38.134649 | J12: 0.9832955 | K12: 0.96956934 | L12: -1.3959349 | M12: 1659.4059 | N12: 1608.283 | O12: -3.0807966
A13: Fuente: SIEA

Sheet C.20
A1: C.20 PERU: QUINUA POR REGIÓN SEGÚN VARIABLES PRODUCTIVAS, 2015-2016
A3: Región | B3: Superficie cosechada (ha) | F3: Producción (t) | J3: Rendimiento (t/ ha) | M3: Precio al productor (S/ /t)
B4: 2015 | C4: 2016 | D4: Var. % | E4: Part % 2015 | F4: 2015 | G4: 2016 | H4: Var. % | I4: Part % 2015 | J4: 2015 | K4: 2016 | L4: Var. % | M4: 2015 | N4: 2016 | O4: Var. %
A5: Nacional | B5: 69302.949 | C5: 64223.19 | D5: -7.3297877 | E5: 100 | F5: 105665.75 | G5: 79268.806 | H5: -24.981548 | I5: 100 | J5: 1.5246933 | K5: 1.2342708 | L5: -19.047934 | M5: 4906.2421 | N5: 3985.7505 | O5: -18.761642
A6: Amazonas | B6: 21.5 | C6: 61 | D6: 183.72093 | E6: 0.094981268 | F6: 26.35 | G6: 62.88 | H6: 138.63378 | I6: 0.079325025 | J6: 1.2255814 | K6: 1.0308197 | L6: -15.891374 | M6: 5743.6433 | N6: 3707.0611 | O6: -35.45802
A7: Ancash | B7: 836.5 | C7: 352 | D7: -57.919904 | E7: 0.54808863 | F7: 1674 | G7: 401.6 | H7: -76.009558 | I7: 0.50663057 | J7: 2.0011955 | K7: 1.1409091 | L7: -42.988623 | M7: 4689.2264 | N7: 3045.3685 | O7: -35.056057
A8: Apurimac | B8: 3389.6 | C8: 4100 | D8: 20.958225 | E8: 6.3839868 | F8: 5785.137 | G8: 6394.488 | H8: 10.533044 | I8: 8.0668403 | J8: 1.7067315 | K8: 1.5596312 | L8: -8.6188282 | M8: 3506.3876 | N8: 3494.854 | O8: -0.32893179
A9: Arequipa | B9: 6116 | C9: 1831 | D9: -70.062132 | E9: 2.8509951 | F9: 22379.385 | G9: 6206.238 | H9: -72.268058 | I9: 7.8293572 | J9: 3.6591539 | K9: 3.3895347 | L9: -7.3683477 | M9: 4666.3152 | N9: 3820.6628 | O9: -18.122489
A10: Ayacucho | B10: 10396 | C10: 11515 | D10: 10.763755 | E10: 17.929661 | F10: 14630 | G10: 16657 | H10: 13.855092 | I10: 21.01331 | J10: 1.407272 | K10: 1.446548 | L10: 2.7909283 | M10: 4769.5044 | N10: 4135.5076 | O10: -13.29272
A11: Cajamarca | B11: 512.5 | C11: 878 | D11: 71.317073 | E11: 1.3671074 | F11: 581.03 | G11: 750.76 | H11: 29.211917 | I11: 0.94710648 | J11: 1.1337171 | K11: 0.85507973 | L11: -24.577326 | M11: 5518.9749 | N11: 3628.6217 | O11: -34.251891
A12: Cusco | B12: 3326 | C12: 3087.69 | D12: -7.1650631 | E12: 4.8077494 | F12: 4290.38 | G12: 3936.83 | H12: -8.2405288 | I12: 4.9664303 | J12: 1.2899519 | K12: 1.2750082 | L12: -1.1584708 | M12: 5480.5355 | N12: 3645.1262 | O12: -33.489599
A13: Huancavelica | B13: 1145.5 | C13: 1212.75 | D13: 5.8707988 | E13: 1.8883366 | F13: 1078.487 | G13: 1189.331 | H13: 10.277732 | I13: 1.5003771 | J13: 0.94149891 | K13: 0.98068934 | L13: 4.1625575 | M13: 3520.246 | N13: 2871.8501 | O13: -18.419051
A14: Huánuco | B14: 1468.25 | C14: 833.75 | D14: -43.214711 | E14: 1.2982071 | F14: 1428 | G14: 661 | H14: -53.711485 | I14: 0.83387152 | J14: 0.97258641 | K14: 0.7928036 | L14: -18.485022 | M14: 4909.979 | N14: 4401.1498 | O14: -10.363165
A15: Ica | B15: 412 | C15: 8 | D15: -98.058252 | E15: 0.01245656 | F15: 957.559 | G15: 10.15 | H15: -98.940013 | I15: 0.012804532 | J15: 2.3241723 | K15: 1.26875 | L15: -45.410674 | M15: 5264.8161 | N15: 6876.8473 | O15: 30.618947
A16: Junín | B16: 4272.299 | C16: 2008 | D16: -52.999544 | E16: 3.1265965 | F16: 8518.29 | G16: 3801.71 | H16: -55.370033 | I16: 4.7959723 | J16: 1.9938422 | K16: 1.8932819 | L16: -5.0435445 | M16: 3269.5706 | N16: 3785.9788 | O16: 15.794374
... A22: Pasco | B22: 40 | C22: 5 | D22: -87.5 | E22: 0.0077853498 | F22: 27.6 | G22: 4.6 | H22: -83.333333 | I22: 0.0058030393 | J22: 0.69 | K22: 0.92 | L22: 33.333333 | M22: 6957.1667 | N22: 9043.4783 | O22: 29.987949
A23: Piura | B23: 46 | C23: 0 | D23: -100 | E23: 0 | F23: 123 | G23: 0 | H23: -100 | I23: 0 | J23: 2.673913 | K23: - | L23: - | M23: 3869.9187 | N23: - | O23: -
A24: Puno | B24: 34167 | C24: 35694 | D24: 4.4692247 | E24: 55.578055 | F24: 38220.86 | G24: 35166 | H24: -7.9926511 | I24: 44.362974 | J24: 1.1186484 | K24: 0.9852076 | L24: -11.928753 | M24: 5592.6346 | N24: 4064.7337 | O24: -27.319877
A25: Tacna | B25: 378 | C25: 508 | D25: 34.391534 | E25: 0.79099154 | F25: 891 | G25: 1019 | H25: 14.365881 | I25: 1.2854994 | J25: 2.3571429 | K25: 2.0059055 | L25: -14.900978 | M25: 5072.5589 | N25: 4302.4926 | O25: -15.181022
A26: Fuente: SIEA

Sheet C.21
A1: C.21 PERU: KIWICHA POR REGIÓN SEGÚN VARIABLES PRODUCTIVAS, 2015-2016
A3: Región | B3: Superficie cosechada (ha) | F3: Producción (t) | J3: Rendimiento (t/ ha) | M3: Precio al productor (S/ /t)
B4: 2015 | C4: 2016 | D4: Var. % | E4: Part % 2015 | F4: 2015 | G4: 2016 | H4: Var. % | I4: Part % 2015 | J4: 2015 | K4: 2016 | L4: Var. % | M4: 2015 | N4: 2016 | O4: Var. %
A5: Nacional | B5: 2289.5 | C5: 1599.8 | D5: -30.124481 | E5: 100 | F5: 4848.368 | G5: 2724.929 | H5: -43.796985 | I5: 100 | J5: 2.1176536 | K5: 1.7032935 | L5: -19.566944 | M5: 4312.4094 | N5: 3483.7484 | O5: -19.215731
A6: Ancash | B6: 474 | C6: 320 | D6: -32.489451 | E6: 20.0025 | F6: 1002.8 | G6: 578.7 | H6: -42.291584 | I6: 21.237251 | J6: 2.1156118 | K6: 1.8084375 | L6: -14.519408 | M6: 3353.8642 | N6: 3087.5583 | O6: -7.9402697
A7: Apurimac | B7: 777 | C7: 702.75 | D7: -9.5559846 | E7: 43.927366 | F7: 1281.218 | G7: 1127.879 | H7: -11.968221 | I7: 41.391133 | J7: 1.6489292 | K7: 1.6049506 | L7: -2.6671044 | M7: 3819.9549 | N7: 3569.937 | O7: -6.5450483
A8: Arequipa | B8: 396 | C8: 83 | D8: -79.040404 | E8: 5.1881485 | F8: 1446.86 | G8: 291.55 | H8: -79.849467 | I8: 10.699361 | J8: 3.6536869 | K8: 3.5126506 | L8: -3.8601082 | M8: 5139.8961 | N8: 3000 | O8: -41.633061
A9: Ayacucho | B9: 108 | C9: 97 | D9: -10.185185 | E9: 6.0632579 | F9: 128 | G9: 100 | H9: -21.875 | I9: 3.6698204 | J9: 1.1851852 | K9: 1.0309278 | L9: -13.015464 | M9: 4063.2812 | N9: 3744.5 | O9: -7.8454143
A10: Cusco | B10: 396 | C10: 295.55 | D10: -25.366162 | E10: 18.474184 | F10: 810.7 | G10: 496.4 | H10: -38.768965 | I10: 18.216988 | J10: 2.0472222 | K10: 1.6795804 | L10: -17.958079 | M10: 4741.347 | N10: 3557.0105 | O10: -24.978904
A11: Huancavelica | B11: 45 | C11: 17.5 | D11: -61.111111 | E11: 1.0938867 | F11: 47.89 | G11: 19.2 | H11: -59.908123 | I11: 0.70460551 | J11: 1.0642222 | K11: 1.0971429 | L11: 3.0933986 | M11: 3251.9837 | N11: 3786.4583 | O11: 16.435341
A12: La Libertad | B12: 92.5 | C12: 83 | D12: -10.27027 | E12: 5.1881485 | F12: 129.9 | G12: 110.2 | H12: -15.165512 | I12: 4.0441421 | J12: 1.4043243 | K12: 1.3277108 | L12: -5.4555404 | M12: 5328.2525 | N12: 5353.3575 | O12: 0.47116817
A13: Lambayeque | B13: 1 | C13: 1 | D13: 0 | E13: 0.062507813 | F13: 1 | G13: 1 | H13: 0 | I13: 0.036698204 | J13: 1 | K13: 1 | L13: 0 | M13: 2200 | N13: 2300 | O13: 4.5454545
A14: Fuente: SIEA

Sheet C.22
A1: C.22 PERU: CAÑIHUA POR REGIÓN SEGÚN VARIABLES PRODUCTIVAS, 2015-2016
A3: Región | B3: Superficie cosechada (ha) | F3: Producción (t) | J3: Rendimiento (t/ ha) | M3: Precio al productor (S/ /t)
B4: 2015 | C4: 2016 | D4: Var. % | E4: Part % 2015 | F4: 2015 | G4: 2016 | H4: Var. % | I4: Part % 2015 | J4: 2015 | K4: 2016 | L4: Var. % | M4: 2015 | N4: 2016 | O4: Var. %
A5: Nacional | B5: 6145 | C5: 6155 | D5: 0.16273393 | E5: 100 | F5: 4733.859 | G5: 4565.03 | H5: -3.5664138 | I5: 100 | J5: 0.77035948 | K5: 0.74167831 | L5: -3.723089 | M5: 5237.6446 | N5: 4136.1413 | O5: -21.030508
A6: Arequipa | B6: 8 | C6: 10 | D6: 25 | E6: 0.16246954 | F6: 7.16 | G6: 8.52 | H6: 18.994413 | I6: 0.18663623 | J6: 0.895 | K6: 0.852 | L6: -4.8044693 | M6: 2754.8883 | N6: 2229.3427 | O6: -19.076837
A7: Cusco | B7: 529 | C7: 622 | D7: 17.58034 | E7: 10.105605 | F7: 264.5 | G7: 266.6 | H7: 0.79395085 | I7: 5.8400492 | J7: 0.5 | K7: 0.42861736 | L7: -14.276527 | M7: 5600 | N7: 4500 | O7: -19.642857
A8: Puno | B8: 5608 | C8: 5523 | D8: -1.5156919 | E8: 89.731925 | F8: 4462.199 | G8: 4289.91 | H8: -3.8610784 | I8: 93.973315 | J8: 0.79568456 | K8: 0.77673547 | L8: -2.3814824 | M8: 5220.1495 | N8: 4117.316 | O8: -21.126474
A9: Fuente: SIEA

Sheet C.23
A1: C.23 PERÚ: SUPERFICIE SEMBRADA DE HORTALIZAS POR REGIÓN SEGÚN CULTIVO, AGO 2015-JUL 2016
A2: (Hectáreas)
A4: Región | B4: TOTAL | C4: Ají | D4: Piquillo | E4: Pimiento | F4: Tomate | G4: Zapallo | H4: Zanahoria | I4: Ajo | J4: Cebolla cabeza | K4: Cebolla china
A5: Nacional | B5: =+SUM(C5:K5) -> 56086.79 | C5: 4068.25 | D5: 607 | E5: 1981.25 | F5: 6237 | G5: 7760.8 | H5: 7827.05 | I5: 7978.25 | J5: 18435.6 | K5: 1191.59
A6: Amazonas | B6: =+SUM(C6:K6) -> 472.35 | C6: 39.5 | D6: 0 | E6: 0 | F6: 30.25 | G6: 19 | H6: 367.1 | I6: 14.5 | J6: 2 | K6: 0
A7: Ancash | B7: =+SUM(C7:K7) -> 1004 | C7: 41 | D7: 0 | E7: 0 | F7: 230 | G7: 200 | H7: 243 | I7: 0 | J7: 290 | K7: 0
A8: Apurímac | B8: =+SUM(C8:K8) -> 900.4 | C8: 27 | D8: 0 | E8: 0 | F8: 168.25 | G8: 242.5 | H8: 229.55 | I8: 56.5 | J8: 176.6 | K8: 0
A9: Arequipa | B9: =+SUM(C9:K9) -> 18700 | C9: 305 | D9: 0 | E9: 0 | F9: 914 | G9: 1563 | H9: 1551 | I9: 4343 | J9: 9991 | K9: 33
A10: Ayacucho | B10: =+SUM(C10:K10) -> 1190 | C10: 20 | D10: 0 | E10: 0 | F10: 110 | G10: 51 | H10: 231 | I10: 361 | J10: 417 | K10: 0
A11: Cajamarca | B11: =+SUM(C11:K11) -> 2456.25 | C11: 0 | D11: 0 | E11: 0 | F11: 136.25 | G11: 851.25 | H11: 407 | I11: 917 | J11: 144.75 | K11: 0
A12: Cusco | B12: =+SUM(C12:K12) -> 1370.9 | C12: 0 | D12: 0 | E12: 0 | F12: 27 | G12: 128 | H12: 593.9 | I12: 0 | J12: 622 | K12: 0
A13: Huancavelica | B13: =+SUM(C13:K13) -> 391 | C13: 0 | D13: 0 | E13: 0 | F13: 55 | G13: 198 | H13: 38 | I13: 80 | J13: 20 | K13: 0
A14: Huánuco | B14: =+SUM(C14:K14) -> 826.25 | C14: 59.5 | D14: 0 | E14: 0 | F14: 62.25 | G14: 413.5 | H14: 175 | I14: 22.75 | J14: 72.75 | K14: 20.5
A15: Ica | B15: =+SUM(C15:K15) -> 4199.54 | C15: 33 | D15: 0 | E15: 2 | F15: 1042.6 | G15: 1369.05 | H15: 17 | I15: 13.5 | J15: 1716 | K15: 6.39
A16: Junín | B16: =+SUM(C16:K16) -> 2355 | C16: 97 | D16: 0 | E16: 0 | F16: 68 | G16: 190 | H16: 1318 | I16: 374 | J16: 308 | K16: 0
... A30: Ucayali | B30: =+SUM(C30:K30) -> 151 | C30: 64 | D30: 0 | E30: 0 | F30: 71 | G30: 16 | H30: 0 | I30: 0 | J30: 0 | K30: 0
A31: Fuente: SIEA

Sheet C.24
A1: C.24 PERÚ: SUPERFICIE COSECHADA DE HORTALIZAS POR REGIÓN SEGÚN CULTIVO, 2016
A2: (Hectáreas)
A4: Región | B4: TOTAL | C4: Espárrago | D4: Col | E4: Coliflor | F4: Brocoli | G4: Lechuga | H4: Espinaca | I4: Alcachofa | J4: Acelga | K4: Culantro | L4: Perejil | M4: Sandia | N4: Melón | O4: Rocoto | P4: Ají | Q4: Piquillo | R4: Pimiento morrón | S4: Pepinillo | T4: Berenjena | U4: Tomate | V4: Calabaza | W4: Zapallo macre | X4: Caigua | Y4: Vainita | Z4: Frijol verde | AA4: Pallar verde | AB4: Arveja verde | AC4: Haba verde | AD4: Zanahoria | AE4: Nabo | AF4: Ajo | AG4: Cebolla cabeza | AH4: Poro | AI4: Cebolla china | AJ4: Betarraga | AK4: Rábano | AL4: Maíz choclo | AM4: Apio
A5: Nacional | B5: =+SUM(C5:AM5) -> 231575.46 | C5: 31967 | D5: 2546.12 | E5: 1602.25 | F5: 4154 | G5: 6741.1 | H5: 1618 | I5: 6092.5 | J5: 527.5 | K5: 1951.7 | L5: 312.5 | M5: 3529.97 | N5: 1236.9 | O5: 2192 | P5: 4123.65 | Q5: 466 | R5: 2061.8 | S5: 2340 | T5: 30 | U5: 6070.15 | V5: 1247.949 | W5: 7766.9 | X5: 1508 | Y5: 2597.5 | Z5: 4847.3 | AA5: 833 | AB5: 33950.69 | AC5: 13763.04 | AD5: 7616.95 | AE5: 512 | AF5: 7698.75 | AG5: 18092.6 | AH5: 1214.25 | AI5: 1227.539 | AJ5: 1975.25 | AK5: 1024.7 | AL5: 44392.15 | AM5: 1743.75
A6: Amazonas | B6: =+SUM(C6:AM6) -> 4479.24 | C6: 0 | D6: 310.94 | E6: 52.5 | F6: 0 | G6: 175.8 | H6: 19 | I6: 0 | J6: 60.5 | K6: 35 | L6: 0 | M6: 54.2 | N6: 0 | O6: 49 | P6: 39.5 | Q6: 0 | R6: 0 | S6: 0 | T6: 0 | U6: 28.65 | V6: 14 | W6: 19.4 | X6: 101.2 | Y6: 0 | Z6: 895.8 | AA6: 0 | AB6: 701.5 | AC6: 318 | AD6: 359.15 | AE6: 0 | AF6: 15 | AG6: 2 | AH6: 0 | AI6: 0 | AJ6: 120.5 | AK6: 27 | AL6: 1080.6 | AM6: 0
A7: Ancash | B7: =+SUM(C7:AM7) -> 9960 | C7: 2915 | D7: 56 | E7: 27 | F7: 0 | G7: 280 | H7: 57 | I7: 132 | J7: 32 | K7: 0 | L7: 0 | M7: 173 | N7: 0 | O7: 0 | P7: 41 | Q7: 0 | R7: 0 | S7: 24 | T7: 0 | U7: 230 | V7: 0 | W7: 200 | X7: 20 | Y7: 18 | Z7: 29 | AA7: 0 | AB7: 807 | AC7: 130 | AD7: 243 | AE7: 21 | AF7: 0 | AG7: 290 | AH7: 43 | AI7: 0 | AJ7: 54 | AK7: 11 | AL7: 4094 | AM7: 33
A8: Apurímac | B8: =+SUM(C8:AM8) -> 6565.169 | C8: 0 | D8: 99.38 | E8: 55 | F8: 34 | G8: 128.2 | H8: 0 | I8: 10 | J8: 8 | K8: 0 | L8: 0 | M8: 0 | N8: 0 | O8: 13.5 | P8: 15.5 | Q8: 0 | R8: 0 | S8: 14 | T8: 0 | U8: 173.25 | V8: 307.949 | W8: 249 | X8: 8 | Y8: 66 | Z8: 123 | AA8: 0 | AB8: 1024.2 | AC8: 1366.54 | AD8: 224.55 | AE8: 0 | AF8: 56.5 | AG8: 176.6 | AH8: 0 | AI8: 0 | AJ8: 46 | AK8: 0 | AL8: 2366 | AM8: 0
A9: Arequipa | B9: =+SUM(C9:AM9) -> 26321 | C9: 0 | D9: 181 | E9: 128 | F9: 129 | G9: 162 | H9: 23 | I9: 1762 | J9: 124 | K9: 0 | L9: 53 | M9: 93 | N9: 35 | O9: 0 | P9: 305 | Q9: 0 | R9: 0 | S9: 43 | T9: 0 | U9: 911 | V9: 78 | W9: 1539 | X9: 5 | Y9: 314 | Z9: 0 | AA9: 0 | AB9: 1148 | AC9: 794 | AD9: 1518 | AE9: 121 | AF9: 4143 | AG9: 9931 | AH9: 131 | AI9: 33 | AJ9: 174 | AK9: 92 | AL9: 2167 | AM9: 184
A10: Ayacucho | B10: =+SUM(C10:AM10) -> 6631 | C10: 0 | D10: 114 | E10: 32 | F10: 0 | G10: 59 | H10: 0 | I10: 0 | J10: 0 | K10: 0 | L10: 0 | M10: 0 | N10: 0 | O10: 0 | P10: 24 | Q10: 0 | R10: 0 | S10: 2 | T10: 0 | U10: 117 | V10: 196 | W10: 48 | X10: 22 | Y10: 38 | Z10: 0 | AA10: 0 | AB10: 1519 | AC10: 1569 | AD10: 205 | AE10: 39 | AF10: 369 | AG10: 409 | AH10: 32 | AI10: 0 | AJ10: 76 | AK10: 9 | AL10: 1706 | AM10: 46
A11: Cajamarca | B11: =+SUM(C11:AM11) -> 27313.55 | C11: 0 | D11: 67.55 | E11: 0 | F11: 0 | G11: 42.95 | H11: 0 | I11: 0 | J11: 0 | K11: 0 | L11: 0 | M11: 0 | N11: 0 | O11: 0 | P11: 0 | Q11: 0 | R11: 0 | S11: 0 | T11: 0 | U11: 137.25 | V11: 0 | W11: 851.25 | X11: 249.8 | Y11: 0 | Z11: 2940.5 | AA11: 0 | AB11: 10894.5 | AC11: 1466 | AD11: 407 | AE11: 0 | AF11: 888 | AG11: 159.75 | AH11: 0 | AI11: 0 | AJ11: 76 | AK11: 21 | AL11: 9112 | AM11: 0
A12: Cusco | B12: =+SUM(C12:AM12) -> 5937 | C12: 0 | D12: 123 | E12: 112 | F12: 0 | G12: 98 | H12: 0 | I12: 712 | J12: 0 | K12: 0 | L12: 0 | M12: 8 | N12: 0 | O12: 163 | P12: 0 | Q12: 0 | R12: 0 | S12: 0 | T12: 0 | U12: 47 | V12: 0 | W12: 132 | X12: 0 | Y12: 25 | Z12: 0 | AA12: 0 | AB12: 365 | AC12: 548 | AD12: 582 | AE12: 0 | AF12: 0 | AG12: 596 | AH12: 0 | AI12: 0 | AJ12: 0 | AK12: 0 | AL12: 2426 | AM12: 0
A13: Huancavelica | B13: =+SUM(C13:AM13) -> 9785.9 | C13: 0 | D13: 0 | E13: 0 | F13: 0 | G13: 0 | H13: 0 | I13: 71 | J13: 0 | K13: 0 | L13: 0 | M13: 0 | N13: 0 | O13: 0 | P13: 0 | Q13: 0 | R13: 0 | S13: 0 | T13: 0 | U13: 23 | V13: 0 | W13: 200 | X13: 0 | Y13: 0 | Z13: 0 | AA13: 0 | AB13: 6295.2 | AC13: 2425.5 | AD13: 34 | AE13: 0 | AF13: 85 | AG13: 13 | AH13: 0 | AI13: 0 | AJ13: 0 | AK13: 0 | AL13: 639.2 | AM13: 0
A14: Huánuco | B14: =+SUM(C14:AM14) -> 5147.25 | C14: 0 | D14: 76.25 | E14: 9.25 | F14: 19 | G14: 21 | H14: 0 | I14: 0 | J14: 0 | K14: 0 | L14: 0 | M14: 0 | N14: 0 | O14: 102.5 | P14: 63 | Q14: 0 | R14: 0 | S14: 0 | T14: 0 | U14: 62.25 | V14: 340.5 | W14: 417.5 | X14: 19.5 | Y14: 41.5 | Z14: 166 | AA14: 0 | AB14: 2245 | AC14: 487 | AD14: 174.25 | AE14: 0 | AF14: 22.75 | AG14: 72.75 | AH14: 29.25 | AI14: 18 | AJ14: 33.75 | AK14: 0 | AL14: 705.5 | AM14: 20.75
A15: Ica | B15: =+SUM(C15:AM15) -> 22171.159 | C15: 13899.2 | D15: 0 | E15: 2 | F15: 0 | G15: 56.5 | H15: 23.5 | I15: 1657 | J15: 0 | K15: 45 | L15: 39.5 | M15: 282.67 | N15: 209.9 | O15: 0 | P15: 36 | Q15: 0 | R15: 3 | S15: 0 | T15: 0 | U15: 1032.25 | V15: 0 | W15: 1383.25 | X15: 0 | Y15: 6 | Z15: 0 | AA15: 162 | AB15: 85 | AC15: 88 | AD15: 12 | AE15: 49 | AF15: 13.5 | AG15: 1651 | AH15: 0 | AI15: 11.089 | AJ15: 49 | AK15: 3 | AL15: 1369.8 | AM15: 2
A16: Junín | B16: =+SUM(C16:AM16) -> 17537.29 | C16: 0 | D16: 70 | E16: 17 | F16: 82 | G16: 282 | H16: 522 | I16: 302.5 | J16: 44 | K16: 37 | L16: 0 | M16: 0 | N16: 0 | O16: 220 | P16: 117 | Q16: 0 | R16: 0 | S16: 0 | T16: 0 | U16: 68 | V16: 97 | W16: 195 | X16: 12 | Y16: 0 | Z16: 0 | AA16: 0 | AB16: 4295.79 | AC16: 2543 | AD16: 1340 | AE16: 33 | AF16: 371 | AG16: 308 | AH16: 32 | AI16: 0 | AJ16: 47 | AK16: 40 | AL16: 6376 | AM16: 86
... A30: Ucayali | B30: =+SUM(C30:AM30) -> 465 | C30: 0 | D30: 5 | E30: 0 | F30: 0 | G30: 8 | H30: 0 | I30: 0 | J30: 0 | K30: 38 | L30: 0 | M30: 110 | N30: 80 | O30: 0 | P30: 70 | Q30: 0 | R30: 0 | S30: 61 | T30: 0 | U30: 77 | V30: 0 | W30: 16 | X30: 0 | Y30: 0 | Z30: 0 | AA30: 0 | AB30: 0 | AC30: 0 | AD30: 0 | AE30: 0 | AF30: 0 | AG30: 0 | AH30: 0 | AI30: 0 | AJ30: 0 | AK30: 0 | AL30: 0 | AM30: 0
A31: Fuente: SIEA
G36: Maíz choclo | H36: 44.39215
G37: Arveja verde | H37: 33.95069
G38: Espárrago | H38: 31.967
G39: Cebolla cabeza | H39: 18.0926
G40: Haba verde | H40: 13.76304
G41: Zapallo macre | H41: 7.7669
G42: Ajo | H42: 7.69875
G43: Zanahoria | H43: 7.61695
G44: Lechuga | H44: 6.7411
G45: Alcachofa | H45: 6.0925
G46: Tomate | H46: 6.07015
G47: Frijol verde | H47: 4.8473
... G55: Pimiento morrón | H55: 2.0618

Sheet C.25
A1: C.25 PERÚ: PRODUCCION DE HORTALIZAS POR REGIÓN SEGÚN PRODUCTO, AÑO 2016
A2: (Toneladas)
A4: Región | B4: Espárrago | C4: Col | D4: Coliflor | E4: Brocoli | F4: Lechuga | G4: Espinaca | H4: Alcachofa | I4: Acelga | J4: Culantro | K4: Perejil | L4: Sandia | M4: Melón | N4: Rocoto | O4: Ají | P4: Piquillo | Q4: Pimiento morrón | R4: Pepinillo | S4: Berenjena | T4: Tomate | U4: Calabaza | V4: Zapallo macre | W4: Caigua | X4: Vainita | Y4: Frijol verde | Z4: Pallar verde | AA4: Arveja verde | AB4: Haba verde | AC4: Zanahoria | AD4: Nabo | AE4: Ajo | AF4: Cebolla cabeza | AG4: Poro | AH4: Cebolla china | AI4: Beterraga | AJ4: Rabanito | AK4: Maíz choclo | AL4: Apio
A5: Nacional | B5: 378305.79 | C5: 37794.905 | D5: 19230.21 | E5: 55170.448 | F5: 73559.433 | G5: 28534.803 | H5: 108801.33 | I5: 7480.764 | J5: 21958.812 | K5: 4532.298 | L5: 85679.719 | M5: 21148.228 | N5: 27088.407 | O5: 38930.222 | P5: 11905 | Q5: 53142.566 | R5: 41991.046 | S5: 361 | T5: 232897.89 | U5: 13595.33 | V5: 206887.66 | W5: 7245.786 | X5: 19908.544 | Y5: 14734.398 | Z5: 5332.99 | AA5: 120125.33 | AB5: 64340.522 | AC5: 172244.31 | AD5: 8814.378 | AE5: 78205.39 | AF5: 705633.41 | AG5: 22155.23 | AH5: 20699.288 | AI5: 34291.888 | AJ5: 21603.358 | AK5: 398749.56 | AL5: 31291.748
A6: Amazonas | B6: 0 | C6: 2466.637 | D6: 269.53 | E6: 0 | F6: 877.05 | G6: 145.049 | H6: 0 | I6: 533.64 | J6: 183.96 | K6: 0 | L6: 471.25 | M6: 0 | N6: 307.41 | O6: 225.7 | P6: 0 | Q6: 0 | R6: 0 | S6: 0 | T6: 203.529 | U6: 99.7 | V6: 303.59 | W6: 423.06 | X6: 0 | Y6: 2853.56 | Z6: 0 | AA6: 1656.78 | AB6: 750.769 | AC6: 4278.361 | AD6: 0 | AE6: 80.73 | AF6: 14 | AG6: 0 | AH6: 0 | AI6: 954.05 | AJ6: 148.81 | AK6: 6445.14 | AL6: 0
A7: Ancash | B7: 15888 | C7: 347.3 | D7: 156.7 | E7: 0 | F7: 3483 | G7: 313.3 | H7: 5950 | I7: 177.5 | J7: 0 | K7: 0 | L7: 6285 | M7: 0 | N7: 0 | O7: 222 | P7: 0 | Q7: 0 | R7: 242.2 | S7: 0 | T7: 5330 | U7: 0 | V7: 7757 | W7: 94.7 | X7: 63.4 | Y7: 103 | Z7: 0 | AA7: 2795.55 | AB7: 455 | AC7: 5000 | AD7: 202.7 | AE7: 0 | AF7: 6295 | AG7: 402.4 | AH7: 0 | AI7: 568.1 | AJ7: 80.1 | AK7: 43063 | AL7: 184.3
A8: Apurímac | B8: 0 | C8: 571.93 | D8: 268.75 | E8: 226 | F8: 423.096 | G8: 0 | H8: 60 | I8: 47.5 | J8: 0 | K8: 0 | L8: 0 | M8: 0 | N8: 33.689 | O8: 52.5 | P8: 0 | Q8: 0 | R8: 120 | S8: 0 | T8: 3140.519 | U8: 2190.53 | V8: 4291.1 | W8: 44 | X8: 337.5 | Y8: 80.2 | Z8: 0 | AA8: 3747.628 | AB8: 5263.989 | AC8: 1980.8 | AD8: 0 | AE8: 269.75 | AF8: 1114.37 | AG8: 0 | AH8: 0 | AI8: 220.15 | AJ8: 0 | AK8: 18040.15 | AL8: 0
A9: Arequipa | B9: 0 | C9: 2885.6 | D9: 2007.13 | E9: 2012.5 | F9: 2532.07 | G9: 1114.196 | H9: 26282.46 | I9: 1843.14 | J9: 0 | K9: 1603.9 | L9: 2878.339 | M9: 1055.7 | N9: 0 | O9: 1424.811 | P9: 0 | Q9: 0 | R9: 625.269 | S9: 0 | T9: 42545.646 | U9: 2225.3 | V9: 58897.216 | W9: 45.53 | X9: 3926.475 | Y9: 0 | Z9: 0 | AA9: 11156.375 | AB9: 6466.559 | AC9: 63426.29 | AD9: 1827.439 | AE9: 56780.24 | AF9: 453990.08 | AG9: 2508.68 | AH9: 1095.4 | AI9: 3079.651 | AJ9: 1361.53 | AK9: 40067.232 | AL9: 3808.75
A10: Ayacucho | B10: 0 | C10: 1086 | D10: 247 | E10: 0 | F10: 393 | G10: 0 | H10: 0 | I10: 0 | J10: 0 | K10: 0 | L10: 0 | M10: 0 | N10: 0 | O10: 109 | P10: 0 | Q10: 0 | R10: 20 | S10: 0 | T10: 1528 | U10: 1532 | V10: 470 | W10: 92 | X10: 213 | Y10: 0 | Z10: 0 | AA10: 3517 | AB10: 4071 | AC10: 1940 | AD10: 196 | AE10: 1827 | AF10: 3590 | AG10: 201 | AH10: 0 | AI10: 478 | AJ10: 41 | AK10: 9578 | AL10: 405
A11: Cajamarca | B11: 0 | C11: 250.189 | D11: 0 | E11: 0 | F11: 114.57 | G11: 0 | H11: 0 | I11: 0 | J11: 0 | K11: 0 | L11: 0 | M11: 0 | N11: 0 | O11: 0 | P11: 0 | Q11: 0 | R11: 0 | S11: 0 | T11: 942.959 | U11: 0 | V11: 15485.128 | W11: 485.898 | X11: 0 | Y11: 6515.638 | Z11: 0 | AA11: 18648.678 | AB11: 2922.19 | AC11: 4002.13 | AD11: 0 | AE11: 3768.57 | AF11: 1731.82 | AG11: 0 | AH11: 0 | AI11: 439 | AJ11: 68 | AK11: 23162.429 | AL11: 0
A12: Cusco | B12: 0 | C12: 1811 | D12: 1354 | E12: 0 | F12: 1274 | G12: 0 | H12: 12293 | I12: 0 | J12: 0 | K12: 0 | L12: 107 | M12: 0 | N12: 611 | O12: 0 | P12: 0 | Q12: 0 | R12: 0 | S12: 0 | T12: 787 | U12: 0 | V12: 2658 | W12: 0 | X12: 96 | Y12: 0 | Z12: 0 | AA12: 2075.3 | AB12: 4062.7 | AC12: 7737 | AD12: 0 | AE12: 0 | AF12: 8648.9 | AG12: 0 | AH12: 0 | AI12: 0 | AJ12: 0 | AK12: 44933.7 | AL12: 0
A13: Huancavelica | B13: 0 | C13: 0 | D13: 0 | E13: 0 | F13: 0 | G13: 0 | H13: 585 | I13: 0 | J13: 0 | K13: 0 | L13: 0 | M13: 0 | N13: 0 | O13: 0 | P13: 0 | Q13: 0 | R13: 0 | S13: 0 | T13: 239.9 | U13: 0 | V13: 2293.8 | W13: 0 | X13: 0 | Y13: 0 | Z13: 0 | AA13: 22215.649 | AB13: 8441.289 | AC13: 289 | AD13: 0 | AE13: 429.8 | AF13: 121.1 | AG13: 0 | AH13: 0 | AI13: 0 | AJ13: 0 | AK13: 6584.68 | AL13: 0
A14: Huánuco | B14: 0 | C14: 1159 | D14: 125 | E14: 277 | F14: 222 | G14: 0 | H14: 0 | I14: 0 | J14: 0 | K14: 0 | L14: 0 | M14: 0 | N14: 831 | O14: 264 | P14: 0 | Q14: 0 | R14: 0 | S14: 0 | T14: 1498 | U14: 3402 | V14: 7343 | W14: 173 | X14: 244 | Y14: 765 | Z14: 0 | AA14: 11745 | AB14: 3668 | AC14: 4166 | AD14: 0 | AE14: 126 | AF14: 943 | AG14: 330 | AH14: 195 | AI14: 388 | AJ14: 0 | AK14: 5411 | AL14: 234
A15: Ica | B15: 171411.45 | C15: 0 | D15: 37 | E15: 0 | F15: 301.909 | G15: 120.189 | H15: 31933 | I15: 0 | J15: 274.94 | K15: 210.438 | L15: 10517.98 | M15: 6380.118 | N15: 0 | O15: 653.999 | P15: 0 | Q15: 59.95 | R15: 0 | S15: 0 | T15: 95440.538 | U15: 0 | V15: 45474.998 | W15: 0 | X15: 23 | Y15: 0 | Z15: 822.99 | AA15: 344.087 | AB15: 430.1 | AC15: 83.4 | AD15: 261.13 | AE15: 156 | AF15: 91920.078 | AG15: 0 | AH15: 62.09 | AI15: 238.539 | AJ15: 18.57 | AK15: 14096.92 | AL15: 12.38
A16: Junín | B16: 0 | C16: 1112.4 | D16: 287.8 | E16: 1370.4 | F16: 6306.4 | G16: 11938.8 | H16: 4916.07 | I16: 776.9 | J16: 273.4 | K16: 0 | L16: 0 | M16: 0 | N16: 2172.199 | O16: 753.1 | P16: 0 | Q16: 0 | R16: 0 | S16: 0 | T16: 837.2 | U16: 1058.4 | V16: 2553.9 | W16: 195 | X16: 0 | Y16: 0 | Z16: 0 | AA16: 27287.65 | AB16: 18176.3 | AC16: 31725.5 | AD16: 499.6 | AE16: 3155.1 | AF16: 5972.39 | AG16: 498 | AH16: 0 | AI16: 734.8 | AJ16: 623.4 | AK16: 77024.05 | AL16: 1372.6
... A30: Ucayali | B30: 0 | C30: 17.28 | D30: 0 | E30: 0 | F30: 20.12 | G30: 0 | H30: 0 | I30: 0 | J30: 98.916 | K30: 0 | L30: 2397.67 | M30: 1668.96 | N30: 0 | O30: 286.995 | P30: 0 | Q30: 0 | R30: 289.037 | S30: 0 | T30: 347.766 | U30: 0 | V30: 251.49 | W30: 0 | X30: 0 | Y30: 0 | Z30: 0 | AA30: 0 | AB30: 0 | AC30: 0 | AD30: 0 | AE30: 0 | AF30: 0 | AG30: 0 | AH30: 0 | AI30: 0 | AJ30: 0 | AK30: 0 | AL30: 0
A31: Fuente: SIEA

Sheet C.26
A1: C.26 PERÚ: ESPARRAGO POR REGIÓN SEGÚN VARIABLES PRODUCTIVAS, 2015-2016
A3: Región | B3: Superficie cosechada (ha) | F3: Producción (t) | J3: Rendimiento (t/ ha) | M3: Precio al productor (S/ /t)
B4: 2015 | C4: 2016 | D4: Var. % | E4: Part % 2015 | F4: 2015 | G4: 2016 | H4: Var. % | I4: Part % 2015 | J4: 2015 | K4: 2016 | L4: Var. % | M4: 2015 | N4: 2016 | O4: Var. %
A5: Nacional | B5: 33869.55 | C5: 31967 | D5: -5.6172875 | E5: 100 | F5: 369032.05 | G5: 378305.79 | H5: 2.5129901 | I5: 100 | J5: 10.895688 | K5: 11.83426 | L5: 8.6141598 | M5: 3764.4445 | N5: 4194.7054 | O5: 11.429598
A6: Ancash | B6: 2919 | C6: 2915 | D6: -0.13703323 | E6: 9.1187787 | F6: 16000 | G6: 15888 | H6: -0.7 | I6: 4.1997771 | J6: 5.4813292 | K6: 5.4504288 | L6: -0.56373928 | M6: 3781.2219 | N6: 3412.2451 | O6: -9.7581363
A7: Ica | B7: 13393.75 | C7: 13899.2 | D7: 3.7737751 | E7: 43.479839 | F7: 146834.94 | G7: 171411.45 | H7: 16.737508 | I7: 45.31029 | J7: 10.962945 | K7: 12.332469 | L7: 12.492301 | M7: 4317.1636 | N7: 4534.6598 | O7: 5.0379424
A8: La Libertad | B8: 14194.8 | C8: 12283.8 | D8: -13.462676 | E8: 38.426502 | F8: 176198.11 | G8: 164346.34 | H8: -6.7263888 | I8: 43.442724 | J8: 12.412863 | K8: 13.379112 | L8: 7.784257 | M8: 3480.3245 | N8: 4067.206 | O8: 16.86284
A9: Lambayeque | B9: 992 | C9: 1015 | D9: 2.3185484 | E9: 3.1751494 | F9: 6546 | G9: 7143 | H9: 9.1200733 | I9: 1.8881551 | J9: 6.5987903 | K9: 7.0374384 | L9: 6.6474017 | M9: 4080.0031 | N9: 5373.3585 | O9: 31.699865
A10: Lima | B10: 2370 | C10: 1854 | D10: -21.772152 | E10: 5.799731 | F10: 23453 | G10: 19517 | H10: -16.782501 | I10: 5.159054 | J10: 9.8957806 | K10: 10.526969 | L10: 6.3783561 | M10: 2338.992 | N10: 2488.2236 | O10: 6.380166
A11: Fuente: SIEA

Sheet C.27
A1: C.27 PERÚ: COL POR REGIÓN SEGÚN VARIABLES PRODUCTIVAS, 2015-2016
A3: Región | B3: Superficie cosechada (ha) | F3: Producción (t) | J3: Rendimiento (t/ ha) | M3: Precio al productor (S/ /t)
B4: 2015 | C4: 2016 | D4: Var. % | E4: Part % 2015 | F4: 2015 | G4: 2016 | H4: Var. % | I4: Part % 2015 | J4: 2015 | K4: 2016 | L4: Var. % | M4: 2015 | N4: 2016 | O4: Var. %
A5: Nacional | B5: 2715.95 | C5: 2546.12 | D5: -6.2530606 | E5: 100 | F5: 39563.524 | G5: 37794.905 | H5: -4.4703273 | I5: 100 | J5: 14.567103 | K5: 14.844118 | L5: 1.9016443 | M5: 741.02609 | N5: 772.64716 | O5: 4.2672006
A6: Amazonas | B6: 339.7 | C6: 310.94 | D6: -8.4662938 | E6: 12.212307 | F6: 2659.359 | G6: 2466.637 | H6: -7.2469343 | I6: 6.5263744 | J6: 7.8285517 | K6: 7.9328391 | L6: 1.3321426 | M6: 865.92363 | N6: 732.9391 | O6: -15.357536
A7: Ancash | B7: 88 | C7: 56 | D7: -36.363636 | E7: 2.199425 | F7: 556.5 | G7: 347.3 | H7: -37.592093 | I7: 0.91890693 | J7: 6.3238636 | K7: 6.2017857 | L7: -1.9304326 | M7: 888.13118 | N7: 1023.1443 | O7: 15.20193
A8: Apurímac | B8: 96.6 | C8: 99.38 | D8: 2.8778468 | E8: 3.9031939 | F8: 571.92 | G8: 571.93 | H8: 0.0017484963 | I8: 1.5132463 | J8: 5.9204969 | K8: 5.7549809 | L8: -2.7956439 | M8: 538.62253 | N8: 538.39631 | O8: -0.042001098
A9: Arequipa | B9: 128 | C9: 181 | D9: 41.40625 | E9: 7.1088558 | F9: 2089.288 | G9: 2885.6 | H9: 38.114037 | I9: 7.6348915 | J9: 16.322563 | K9: 15.942541 | L9: -2.3281949 | M9: 1151.9739 | N9: 1126.4157 | O9: -2.2186445
A10: Ayacucho | B10: 116 | C10: 114 | D10: -1.7241379 | E10: 4.4774009 | F10: 1101 | G10: 1086 | H10: -1.3623978 | I10: 2.8734032 | J10: 9.4913793 | K10: 9.5263158 | L10: 0.36808643 | M10: 579.7366 | N10: 607.62431 | O10: 4.8104098
A11: Cajamarca | B11: 81.95 | C11: 67.55 | D11: -17.57169 | E11: 2.6530564 | F11: 308.336 | G11: 250.189 | H11: -18.858323 | I11: 0.66196489 | J11: 3.7624893 | K11: 3.7037602 | L11: -1.5609119 | M11: 734.62521 | N11: 768.2548 | O11: 4.5777881
A12: Cusco | B12: 120 | C12: 123 | D12: 2.5 | E12: 4.8308799 | F12: 1634 | G12: 1811 | H12: 10.832313 | I12: 4.7916511 | J12: 13.616667 | K12: 14.723577 | L12: 8.1290862 | M12: 940.26928 | N12: 960.24296 | O12: 2.1242512
A13: Huánuco | B13: 87 | C13: 76.25 | D13: -12.356322 | E13: 2.9947528 | F13: 1447 | G13: 1159 | H13: -19.903248 | I13: 3.0665509 | J13: 16.632184 | K13: 15.2 | L13: -8.6109191 | M13: 372.06842 | N13: 424.39431 | O13: 14.063512
A14: Ica | B14: 0.5 | C14: 0 | D14: -100 | E14: 0 | F14: 4.969 | G14: 0 | H14: -100 | I14: 0 | J14: 9.938 | K14: - | L14: - | M14: 1000 | N14: - | O14: -
A15: Junín | B15: 82 | C15: 70 | D15: -14.634146 | E15: 2.7492813 | F15: 1243.8 | G15: 1112.4 | H15: -10.564399 | I15: 2.9432539 | J15: 15.168293 | K15: 15.891429 | L15: 4.7674178 | M15: 479.02959 | N15: 537.88565 | O15: 12.28652
A16: La Libertad | B16: 268.2 | C16: 307 | D16: 14.466816 | E16: 12.057562 | F16: 6484.2 | G16: 7659.83 | H16: 18.130687 | I16: 20.266832 | J16: 24.176734 | K16: 24.950586 | L16: 3.2008151 | M16: 519.17854 | N16: 553.8752 | O16: 6.6829923
A17: Lambayeque | B17: 117 | C17: 145 | D17: 23.931624 | E17: 5.6949398 | F17: 3667 | G17: 4650 | H17: 26.806654 | I17: 12.303246 | J17: 31.34188 | K17: 32.068966 | L17: 2.3198518 | M17: 1581.0908 | N17: 1506.4 | O17: -4.7240051
A18: Lima | B18: 661 | C18: 634 | D18: -4.0847201 | E18: 24.900633 | F18: 8055 | G18: 7691 | H18: -4.5189323 | I18: 20.349304 | J18: 12.186082 | K18: 12.130915 | L18: -0.45270391 | M18: 447.5419 | N18: 505.68067 | O18: 12.990687
A19: Lima Metropolitana | B19: 336 | C19: 187 | D19: -44.345238 | E19: 7.3445085 | F19: 7933.627 | G19: 4424.889 | H19: -44.226153 | I19: 11.707634 | J19: 23.611985 | K19: 23.662508 | L19: 0.21397143 | M19: 744.10721 | N19: 681.702 | O19: -8.3865879
A20: Loreto | B20: 90 | C20: 83 | D20: -7.7777778 | E20: 3.2598621 | F20: 383.7 | G20: 336 | H20: -12.431587 | I20: 0.88900872 | J20: 4.2633333 | K20: 4.0481928 | L20: -5.0462993 | M20: 472.51759 | N20: 471.30952 | O20: -0.25566626
A21: Madre de Dios | B21: 3 | C21: 4 | D21: 33.333333 | E21: 0.15710179 | F21: 7.9 | G21: 11.25 | H21: 42.405063 | I21: 0.029765917 | J21: 2.6333333 | K21: 2.8125 | L21: 6.8037975 | M21: 800 | N21: 800 | O21: 0
A22: Puno | B22: 2 | C22: 2 | D22: 0 | E22: 0.078550893 | F22: 16.6 | G22: 16.6 | H22: 0 | I22: 0.043921264 | J22: 8.3 | K22: 8.3 | L22: 0 | M22: 832.28916 | N22: 804.81928 | O22: -3.3005211
A23: Tacna | B23: 71 | C23: 81 | D23: 14.084507 | E23: 3.1813112 | F23: 1288 | G23: 1298 | H23: 0.77639752 | I23: 3.4343253 | J23: 18.140845 | K23: 16.024691 | L23: -11.665133 | M23: 1018.4783 | N23: 1119.9538 | O23: 9.9634443
A24: Ucayali | B24: 28 | C24: 5 | D24: -82.142857 | E24: 0.19637723 | F24: 111.325 | G24: 17.28 | H24: -84.47788 | I24: 0.045720448 | J24: 3.9758929 | K24: 3.456 | L24: -13.076128 | M24: 712.81823 | N24: 686.44097 | O24: -3.7004192
A25: Fuente: SIEA

Sheet C.28
A1: C.28 PERÚ: COLIFLOR POR REGIÓN SEGÚN VARIABLES PRODUCTIVAS, 2015-2016
A3: Región | B3: Superficie cosechada (ha) | F3: Producción (t) | J3: Rendimiento (t/ ha) | M3: Precio al productor (S/ /t)
B4: 2015 | C4: 2016 | D4: Var. % | E4: Part % 2015 | F4: 2015 | G4: 2016 | H4: Var. % | I4: Part % 2015 | J4: 2015 | K4: 2016 | L4: Var. % | M4: 2015 | N4: 2016 | O4: Var. %
A5: Nacional | B5: 1602.88 | C5: 1602.25 | D5: -0.039304252 | E5: 100 | F5: 19517.261 | G5: 19230.21 | H5: -1.4707545 | I5: 100 | J5: 12.176371 | K5: 12.002003 | L5: -1.4320131 | M5: 840.48941 | N5: 1011.3029 | O5: 20.323104
A6: Amazonas | B6: 66.5 | C6: 52.5 | D6: -21.052632 | E6: 3.2766422 | F6: 313.6 | G6: 269.53 | H6: -14.052934 | I6: 1.4015968 | J6: 4.7157895 | K6: 5.1339048 | L6: 8.866284 | M6: 1035.6665 | N6: 743.49163 | O6: -28.211286
A7: Ancash | B7: 43 | C7: 27 | D7: -37.209302 | E7: 1.6851303 | F7: 249 | G7: 156.7 | H7: -37.068273 | I7: 0.8148637 | J7: 5.7906977 | K7: 5.8037037 | L7: 0.22460211 | M7: 926.70683 | N7: 979.25973 | O7: 5.670931
A8: Apurímac | B8: 25.88 | C8: 55 | D8: 112.51932 | E8: 3.4326728 | F8: 156.411 | G8: 268.75 | H8: 71.822954 | I8: 1.3975406 | J8: 6.0437017 | K8: 4.8863636 | L8: -19.14949 | M8: 661.14135 | N8: 774.21395 | O8: 17.102636
A9: Arequipa | B9: 103 | C9: 128 | D9: 24.271845 | E9: 7.9887658 | F9: 1580.1 | G9: 2007.13 | H9: 27.025505 | I9: 10.43738 | J9: 15.340777 | K9: 15.680703 | L9: 2.2158358 | M9: 1453.5137 | N9: 1761.6946 | O9: 21.202473
A10: Ayacucho | B10: 45 | C10: 32 | D10: -28.888889 | E10: 1.9971914 | F10: 395 | G10: 247 | H10: -37.468354 | I10: 1.2844374 | J10: 8.7777778 | K10: 7.71875 | L10: -12.064873 | M10: 813.39241 | N10: 835.10121 | O10: 2.6689221
A11: Cusco | B11: 95 | C11: 112 | D11: 17.894737 | E11: 6.9901701 | F11: 1127.5 | G11: 1354 | H11: 20.088692 | I11: 7.0410048 | J11: 11.868421 | K11: 12.089286 | L11: 1.8609439 | M11: 1356.8958 | N11: 1349.9261 | O11: -0.51364611
A12: Huánuco | B12: 8.5 | C12: 9.25 | D12: 8.8235294 | E12: 0.57731315 | F12: 131 | G12: 125 | H12: -4.5801527 | I12: 0.6500189 | J12: 15.411765 | K12: 13.513514 | L12: -12.316897 | M12: 982.57252 | N12: 1583.608 | O12: 61.16958
A13: Ica | B13: 0 | C13: 2 | D13: - | E13: 0.12482447 | F13: 0 | G13: 37 | H13: - | I13: 0.1924056 | J13: - | K13: 18.5 | L13: - | M13: - | N13: 1500 | O13: -
A14: Junín | B14: 14 | C14: 17 | D14: 21.428571 | E14: 1.061008 | F14: 237.1 | G14: 287.8 | H14: 21.383383 | I14: 1.4966035 | J14: 16.935714 | K14: 16.929412 | L14: -0.03721438 | M14: 740.89414 | N14: 638.84642 | O14: -13.773589
A15: La Libertad | B15: 50 | C15: 45.5 | D15: -9 | E15: 2.8397566 | F15: 1041.5 | G15: 1015.84 | H15: -2.4637542 | I15: 5.2825216 | J15: 20.83 | K15: 22.326154 | L15: 7.1826877 | M15: 876.91743 | N15: 704.30491 | O15: -19.68401
A16: Lima | B16: 987 | C16: 990 | D16: 0.30395137 | E16: 61.78811 | F16: 11096 | G16: 11115 | H16: 0.17123288 | I16: 57.799681 | J16: 11.242148 | K16: 11.227273 | L16: -0.13231631 | M16: 659.0456 | N16: 877.12551 | O16: 33.09026
A17: Lima Metropolitana | B17: 104 | C17: 61 | D17: -41.346154 | E17: 3.8071462 | F17: 2116.05 | G17: 1258.46 | H17: -40.52787 | I17: 6.5441823 | J17: 20.346635 | K17: 20.630492 | L17: 1.3951063 | M17: 883.70166 | N17: 861.14195 | O17: -2.5528649
A18: Tacna | B18: 61 | C18: 71 | D18: 16.393443 | E18: 4.4312685 | F18: 1074 | G18: 1088 | H18: 1.3035382 | I18: 5.6577645 | J18: 17.606557 | K18: 15.323944 | L18: -12.964566 | M18: 1114.3389 | N18: 1222.3346 | O18: 9.6914536
A19: Fuente: SIEA

Sheet C.29
A1: C.29 PERÚ: BROCOLI POR REGIÓN SEGÚN VARIABLES PRODUCTIVAS, 2015-2016
A3: Región | B3: Superficie cosechada (ha) | F3: Producción (t) | J3: Rendimiento (t/ ha) | M3: Precio al productor (S/ /t)
B4: 2015 | C4: 2016 | D4: Var. % | E4: Part % 2015 | F4: 2015 | G4: 2016 | H4: Var. % | I4: Part % 2015 | J4: 2015 | K4: 2016 | L4: Var. % | M4: 2015 | N4: 2016 | O4: Var. %
A5: Nacional | B5: 4090 | C5: 4154 | D5: 1.5647922 | E5: 100 | F5: 54527.03 | G5: 55170.448 | H5: 1.1799983 | I5: 100 | J5: 13.331792 | K5: 13.281283 | L5: -0.37886547 | M5: 1034.7867 | N5: 1120.6223 | O5: 8.295
A6: Apurímac | B6: 24 | C6: 34 | D6: 41.666667 | E6: 0.8184882 | F6: 167.3 | G6: 226 | H6: 35.086671 | I6: 0.4096396 | J6: 6.9708333 | K6: 6.6470588 | L6: -4.6447031 | M6: 1290.5559 | N6: 1055.0885 | O6: -18.245424
A7: Arequipa | B7: 74 | C7: 129 | D7: 74.324324 | E7: 3.1054405 | F7: 1153.9 | G7: 2012.5 | H7: 74.408528 | I7: 3.6477862 | J7: 15.593243 | K7: 15.600775 | L7: 0.048302655 | M7: 1743.0393 | N7: 2014.7776 | O7: 15.589917
A8: Huánuco | B8: 23 | C8: 19 | D8: -17.391304 | E8: 0.45739047 | F8: 363 | G8: 277 | H8: -23.69146 | I8: 0.50208039 | J8: 15.782609 | K8: 14.578947 | L8: -7.6265043 | M8: 1933.0854 | N8: 1681.6462 | O8: -13.007143
A9: Junín | B9: 58 | C9: 82 | D9: 41.37931 | E9: 1.974001 | F9: 1088.9 | G9: 1370.4 | H9: 25.851777 | I9: 2.4839385 | J9: 18.774138 | K9: 16.712195 | L9: -10.982889 | M9: 1080.4114 | N9: 1228.6559 | O9: 13.72111
A10: La Libertad | B10: 334 | C10: 294 | D10: -11.976048 | E10: 7.0775156 | F10: 6601.6 | G10: 5738.3 | H10: -13.077133 | I10: 10.401039 | J10: 19.765269 | K10: 19.518027 | L10: -1.2508924 | M10: 1353.7644 | N10: 1243.7905 | O10: -8.1235624
A11: Lima | B11: 2522 | C11: 2495 | D11: -1.0705789 | E11: 60.06259 | F11: 29549 | G11: 29473 | H11: -0.25719991 | I11: 53.421716 | J11: 11.716495 | K11: 11.812826 | L11: 0.8221811 | M11: 1044.2465 | N11: 1199.9912 | O11: 14.914551
A12: Lima Metropolitana | B12: 988 | C12: 1025 | D12: 3.7449393 | E12: 24.675012 | F12: 14403.33 | G12: 14892.248 | H12: 3.3944789 | I12: 26.993161 | J12: 14.578269 | K12: 14.529022 | L12: -0.33780959 | M12: 777.98142 | N12: 766.16336 | O12: -1.5190669
A13: Tacna | B13: 67 | C13: 76 | D13: 13.432836 | E13: 1.8295619 | F13: 1200 | G13: 1181 | H13: -1.5833333 | I13: 2.1406388 | J13: 17.910448 | K13: 15.539474 | L13: -13.237939 | M13: 1099.5833 | N13: 1243.0144 | O13: 13.044128
A14: r Revisado
A15: Fuente: SIEA

Sheet C.30
A1: C.30 PERÚ: LECHUGA POR REGIÓN SEGÚN VARIABLES PRODUCTIVAS, 2015-2016
A3: Región | B3: Superficie cosechada (ha) | F3: Producción (t) | J3: Rendimiento (t/ ha) | M3: Precio al productor (S/ /t)
B4: 2015 | C4: 2016 | D4: Var. % | E4: Part % 2015 | F4: 2015 | G4: 2016 | H4: Var. % | I4: Part % 2015 | J4: 2015 | K4: 2016 | L4: Var. % | M4: 2015 | N4: 2016 | O4: Var. %
A5: Nacional | B5: 6400.33 | C5: 6741.1 | D5: 5.3242567 | E5: 100 | F5: 68624.245 | G5: 73559.433 | H5: 7.1916099 | I5: 100 | J5: 10.721985 | K5: 10.912082 | L5: 1.7729564 | M5: 735.32166 | N5: 834.00337 | O5: 13.42021
A6: Amazonas | B6: 186.88 | C6: 175.8 | D6: -5.9289384 | E6: 2.607883 | F6: 981.129 | G6: 877.05 | H6: -10.608085 | I6: 1.1923012 | J6: 5.2500482 | K6: 4.9889078 | L6: -4.9740555 | M6: 843.54922 | N6: 842.11687 | O6: -0.1698002
A7: Ancash | B7: 220 | C7: 280 | D7: 27.272727 | E7: 4.1536248 | F7: 2392 | G7: 3483 | H7: 45.610368 | I7: 4.7349468 | J7: 10.872727 | K7: 12.439286 | L7: 14.408146 | M7: 259.02174 | N7: 222.59259 | O7: -14.064127
A8: Apurímac | B8: 162.9 | C8: 128.2 | D8: -21.301412 | E8: 1.9017668 | F8: 500.267 | G8: 423.096 | H8: -15.425963 | I8: 0.57517572 | J8: 3.0710068 | K8: 3.3002808 | L8: 7.4657621 | M8: 530.88089 | N8: 559.44561 | O8: 5.3806271
A9: Arequipa | B9: 129 | C9: 162 | D9: 25.581395 | E9: 2.4031686 | F9: 2009.7 | G9: 2532.07 | H9: 25.992437 | I9: 3.4422098 | J9: 15.57907 | K9: 15.630062 | L9: 0.32731069 | M9: 1104.2131 | N9: 1102.7258 | O9: -0.1346872
A10: Ayacucho | B10: 70 | C10: 59 | D10: -15.714286 | E10: 0.87522808 | F10: 419 | G10: 393 | H10: -6.2052506 | I10: 0.53426187 | J10: 5.9857143 | K10: 6.6610169 | L10: 11.281906 | M10: 485.91885 | N10: 538.39695 | O10: 10.799765
A11: Cajamarca | B11: 32.95 | C11: 42.95 | D11: 30.349014 | E11: 0.63713637 | F11: 93.01 | G11: 114.57 | H11: 23.180303 | I11: 0.15575161 | J11: 2.8227618 | K11: 2.6675204 | L11: -5.4996277 | M11: 850.56446 | N11: 872.58445 | O11: 2.588868
A12: Cusco | B12: 83 | C12: 98 | D12: 18.072289 | E12: 1.4537687 | F12: 1079 | G12: 1274 | H12: 18.072289 | I12: 1.7319329 | J12: 13 | K12: 13 | L12: 0 | M12: 1350.6024 | N12: 1239.7959 | O12: -8.2042273
A13: Huánuco | B13: 24.5 | C13: 21 | D13: -14.285714 | E13: 0.31152186 | F13: 276 | G13: 222 | H13: -19.565217 | I13: 0.30179678 | J13: 11.265306 | K13: 10.571429 | L13: -6.1594203 | M13: 630.61594 | N13: 618.09009 | O13: -1.9862885
A14: Ica | B14: 52.65 | C14: 56.5 | D14: 7.3124406 | E14: 0.83814214 | F14: 316.84 | G14: 301.909 | H14: -4.7124732 | I14: 0.41042867 | J14: 6.0178538 | K14: 5.3435221 | L14: -11.205517 | M14: 770.83588 | N14: 871.01285 | O14: 12.995889
A15: Junín | B15: 278 | C15: 282 | D15: 1.4388489 | E15: 4.1832935 | F15: 6134.7 | G15: 6306.4 | H15: 2.7988329 | I15: 8.5732037 | J15: 22.067266 | K15: 22.363121 | L15: 1.3406934 | M15: 1367.8949 | N15: 1549.5322 | O15: 13.2786
A16: La Libertad | B16: 183.3 | C16: 249.9 | D16: 36.333879 | E16: 3.7071101 | F16: 4614.2 | G16: 6270.52 | H16: 35.896147 | I16: 8.5244268 | J16: 25.172941 | K16: 25.092117 | L16: -0.32107369 | M16: 1173.2954 | N16: 1490.5089 | O16: 27.036116
... A27: Ucayali | B27: 22 | C27: 8 | D27: -63.636364 | E27: 0.11867499 | F27: 61.33 | G27: 20.12 | H27: -67.193869 | I27: 0.027352032 | J27: 2.7877273 | K27: 2.515 | L27: -9.7831404 | M27: 827.57052 | N27: 938.97117 | O27: 13.461167
A28: Fuente: SIEA

Sheet C.31
A1: C.31 PERÚ: ESPINACA POR REGIÓN SEGÚN VARIABLES PRODUCTIVAS, 2015-2016
A3: Región | B3: Superficie cosechada (ha) | F3: Producción (t) | J3: Rendimiento (t/ ha) | M3: Precio al productor (S/ /t)
B4: 2015 | C4: 2016 | D4: Var. % | E4: Part % 2015 | F4: 2015 | G4: 2016 | H4: Var. % | I4: Part % 2015 | J4: 2015 | K4: 2016 | L4: Var. % | M4: 2015 | N4: 2016 | O4: Var. %
A5: Nacional | B5: 1715.2 | C5: 1618 | D5: -5.6669776 | E5: 100 | F5: 30018.087 | G5: 28534.803 | H5: -4.9413009 | I5: 100 | J5: 17.501217 | K5: 17.635849 | L5: 0.76927115 | M5: 934.67959 | N5: 1012.2615 | O5: 8.3003706
A6: Amazonas | B6: 23.5 | C6: 19 | D6: -19.148936 | E6: 1.1742892 | F6: 175.45 | G6: 145.049 | H6: -17.327444 | I6: 0.50832312 | J6: 7.4659574 | K6: 7.6341579 | L6: 2.2528986 | M6: 815.74523 | N6: 816.67147 | O6: 0.11354563
A7: Ancash | B7: 57 | C7: 57 | D7: 0 | E7: 3.5228677 | F7: 304.1 | G7: 313.3 | H7: 3.0253206 | I7: 1.0979575 | J7: 5.3350877 | K7: 5.4964912 | L7: 3.0253206 | M7: 992.95955 | N7: 1254.3249 | O7: 26.321855
A8: Arequipa | B8: 26 | C8: 23 | D8: -11.538462 | E8: 1.421508 | F8: 897.038 | G8: 1114.196 | H8: 24.208339 | I8: 3.9046914 | J8: 34.501462 | K8: 48.443304 | L8: 40.409427 | M8: 1172.66 | N8: 1199.968 | O8: 2.328725
A9: Ica | B9: 18.7 | C9: 23.5 | D9: 25.668449 | E9: 1.4524104 | F9: 101.939 | G9: 120.189 | H9: 17.902863 | I9: 0.42120144 | J9: 5.4512834 | K9: 5.1144255 | L9: -6.1794235 | M9: 784.42009 | N9: 839.08802 | O9: 6.9692153
A10: Junín | B10: 505 | C10: 522 | D10: 3.3663366 | E10: 32.262052 | F10: 11738 | G10: 11938.8 | H10: 1.7106833 | I10: 41.839434 | J10: 23.243564 | K10: 22.871264 | L10: -1.6017336 | M10: 1065.029 | N10: 1262.459 | O10: 18.537523
A11: La Libertad | B11: 25 | C11: 20.5 | D11: -18 | E11: 1.2669963 | F11: 575.65 | G11: 469.85 | H11: -18.379223 | I11: 1.6465858 | J11: 23.026 | K11: 22.919512 | L11: -0.46246767 | M11: 1878.1708 | N11: 1658.3356 | O11: -11.704746
A12: Lima | B12: 443 | C12: 406 | D12: -8.3521445 | E12: 25.092707 | F12: 2786 | G12: 2510 | H12: -9.9066762 | I12: 8.7962759 | J12: 6.2889391 | K12: 6.182266 | L12: -1.6962009 | M12: 726.61522 | N12: 799.26295 | O12: 9.9981018
A13: Lima Metropolitana | B13: 575 | C13: 513 | D13: -10.782609 | E13: 31.70581 | F13: 13060.91 | G13: 11625.419 | H13: -10.990743 | I13: 40.741192 | J13: 22.714626 | K13: 22.661635 | L13: -0.2332885 | M13: 804.6682 | N13: 749.19717 | O13: -6.8936527
A14: Tacna | B14: 42 | C14: 34 | D14: -19.047619 | E14: 2.1013597 | F14: 379 | G14: 298 | H14: -21.372032 | I14: 1.0443387 | J14: 9.0238095 | K14: 8.7647059 | L14: -2.8713332 | M14: 959.89446 | N14: 1235.2349 | O14: 28.684449
A15: Fuente: SIEA

Sheet C.32
A1: C.32 PERÚ: ALCACHOFA POR REGIÓN SEGÚN VARIABLES PRODUCTIVAS, 2015-2016
A3: Región | B3: Superficie cosechada (ha) | F3: Producción (t) | J3: Rendimiento (t/ ha) | M3: Precio al productor (S/ /t)
B4: 2015 | C4: 2016 | D4: Var. % | E4: Part % 2015 | F4: 2015 | G4: 2016 | H4: Var. % | I4: Part % 2015 | J4: 2015 | K4: 2016 | L4: Var. % | M4: 2015 | N4: 2016 | O4: Var. %
A5: Nacional | B5: 5513.25 | C5: 6092.5 | D5: 10.506507 | E5: 100 | F5: 89982.98 | G5: 108801.33 | H5: 20.913233 | I5: 100 | J5: 16.321223 | K5: 17.85824 | L5: 9.4172967 | M5: 1658.0133 | N5: 2263.3426 | O5: 36.509316
A6: Ancash | B6: 390 | C6: 132 | D6: -66.153846 | E6: 2.1665983 | F6: 5330 | G6: 5950 | H6: 11.63227 | I6: 5.4686831 | J6: 13.666667 | K6: 45.075758 | L6: 229.82262 | M6: 3500 | N6: 5016.7227 | O6: 43.334934
A7: Apurímac | B7: 23.25 | C7: 10 | D7: -56.989247 | E7: 0.16413623 | F7: 172.42 | G7: 60 | H7: -65.201253 | I7: 0.055146385 | J7: 7.415914 | K7: 6 | L7: -19.092913 | M7: 2791.4801 | N7: 1000 | O7: -64.17671
A8: Arequipa | B8: 1278 | C8: 1762 | D8: 37.871674 | E8: 28.920804 | F8: 18974.62 | G8: 26282.46 | H8: 38.513762 | I8: 24.156378 | J8: 14.847121 | K8: 14.916266 | L8: 0.46571392 | M8: 1602.2993 | N8: 1847.8261 | O8: 15.3234
A9: Cusco | B9: 820 | C9: 712 | D9: -13.170732 | E9: 11.6865 | F9: 12320 | G9: 12293 | H9: -0.21915584 | I9: 11.298575 | J9: 15.02439 | K9: 17.265449 | L9: 14.916141 | M9: 1508.0479 | N9: 1539.0059 | O9: 2.0528558
A10: Huancavelica | B10: 79 | C10: 71 | D10: -10.126582 | E10: 1.1653673 | F10: 506.49 | G10: 585 | H10: 15.5008 | I10: 0.53767725 | J10: 6.4112658 | K10: 8.2394366 | L10: 28.514974 | M10: 1089.2594 | N10: 1066.3248 | O10: -2.1055247
A11: Ica | B11: 1388 | C11: 1657 | D11: 19.380403 | E11: 27.197374 | F11: 24712 | G11: 31933 | H11: 29.220622 | I11: 29.349825 | J11: 17.804035 | K11: 19.271575 | L11: 8.2427415 | M11: 1568.1301 | N11: 3106.4783 | O11: 98.100804
A12: Junín | B12: 359 | C12: 302.5 | D12: -15.738162 | E12: 4.9651211 | F12: 6371.45 | G12: 4916.07 | H12: -22.84221 | I12: 4.5183915 | J12: 17.747772 | K12: 16.251471 | L12: -8.4309205 | M12: 2400.8506 | N12: 2543.2307 | O12: 5.9304015
A13: La Libertad | B13: 850 | C13: 997 | D13: 17.294118 | E13: 16.364382 | F13: 17783 | G13: 20007.8 | H13: 12.510825 | I13: 18.389297 | J13: 20.921176 | K13: 20.068004 | L13: -4.0780329 | M13: 1187.537 | N13: 1200 | O13: 1.0494853
A14: Lima | B14: 326 | C14: 449 | D14: 37.730061 | E14: 7.3697169 | F14: 3813 | G14: 6774 | H14: 77.655389 | I14: 6.2260268 | J14: 11.696319 | K14: 15.08686 | L14: 28.9881 | M14: 1404.7469 | N14: 1849.0906 | O14: 31.631585
A15: Fuente: SIEA

Sheet C.33
A1: C.33 PERÚ: ACELGA POR REGIÓN SEGÚN VARIABLES PRODUCTIVAS, 2015-2016
A3: Región | B3: Superficie cosechada (ha) | F3: Producción (t) | J3: Rendimiento (t/ ha) | M3: Precio al productor (S/ /t)
B4: 2015 | C4: 2016 | D4: Var. % | E4: Part % 2015 | F4: 2015 | G4: 2016 | H4: Var. % | I4: Part % 2015 | J4: 2015 | K4: 2016 | L4: Var. % | M4: 2015 | N4: 2016 | O4: Var. %
A5: Nacional | B5: 584.5 | C5: 527.5 | D5: -9.7519247 | E5: 100 | F5: 8393.938 | G5: 7480.764 | H5: -10.87897 | I5: 100 | J5: 14.360886 | K5: 14.181543 | L5: -1.2488303 | M5: 907.8417 | N5: 992.71442 | O5: 9.3488459
A6: Amazonas | B6: 63 | C6: 60.5 | D6: -3.968254 | E6: 11.469194 | F6: 533.2 | G6: 533.64 | H6: 0.08252063 | I6: 7.133496 | J6: 8.4634921 | K6: 8.8204959 | L6: 4.218162 | M6: 1000.5345 | N6: 913.76059 | O6: -8.6727564
A7: Ancash | B7: 34 | C7: 32 | D7: -5.8823529 | E7: 6.0663507 | F7: 187.4 | G7: 177.5 | H7: -5.2828175 | I7: 2.3727523 | J7: 5.5117647 | K7: 5.546875 | L7: 0.6370064 | M7: 1003.0896 | N7: 1138.5127 | O7: 13.500591
A8: Apurímac | B8: 10 | C8: 8 | D8: -20 | E8: 1.5165877 | F8: 47.5 | G8: 47.5 | H8: 0 | I8: 0.63496188 | J8: 4.75 | K8: 5.9375 | L8: 25 | M8: 951.57895 | N8: 1285.2632 | O8: 35.066372
A9: Arequipa | B9: 97 | C9: 124 | D9: 27.835052 | E9: 23.507109 | F9: 1381.309 | G9: 1843.14 | H9: 33.4343 | I9: 24.638393 | J9: 14.240299 | K9: 14.864032 | L9: 4.3800575 | M9: 1120.5949 | N9: 1046.953 | O9: -6.5716755
A10: Ica | B10: 7.5 | C10: 0 | D10: -100 | E10: 0 | F10: 46.65 | G10: 0 | H10: -100 | I10: 0 | J10: 6.22 | K10: - | L10: - | M10: 767.92069 | N10: - | O10: -
A11: Junín | B11: 43 | C11: 44 | D11: 2.3255814 | E11: 8.3412322 | F11: 752.2 | G11: 776.9 | H11: 3.2837011 | I11: 10.385303 | J11: 17.493023 | K11: 17.656818 | L11: 0.9363443 | M11: 1183.5084 | N11: 1439.7735 | O11: 21.653001
A12: La Libertad | B12: 8 | C12: 14 | D12: 75 | E12: 2.6540284 | F12: 207.85 | G12: 346.05 | H12: 66.490257 | I12: 4.6258644 | J12: 25.98125 | K12: 24.717857 | L12: -4.8627101 | M12: 1323.0719 | N12: 1222.0055 | O12: -7.6387711
A13: Lima Metropolitana | B13: 318 | C13: 239 | D13: -24.842767 | E13: 45.308057 | F13: 5190.829 | G13: 3689.034 | H13: -28.931699 | I13: 49.3136 | J13: 16.323362 | K13: 15.435289 | L13: -5.4405027 | M13: 777.88271 | N13: 844.88002 | O13: 8.612777
A14: Tacna | B14: 4 | C14: 6 | D14: 50 | E14: 1.1374408 | F14: 47 | G14: 67 | H14: 42.553191 | I14: 0.89563045 | J14: 11.75 | K14: 11.166667 | L14: -4.964539 | M14: 1423.4043 | N14: 1307.4627 | O14: -8.1453718
A15: Fuente: SIEA

Sheet C.34
A1: C.34 PERÚ: CULANTRO POR REGIÓN SEGÚN VARIABLES PRODUCTIVAS, 2015-2016
A3: Región | B3: Superficie cosechada (ha) | F3: Producción (t) | J3: Rendimiento (t/ ha) | M3: Precio al productor (S/ /t)
B4: 2015 | C4: 2016 | D4: Var. % | E4: Part % 2015 | F4: 2015 | G4: 2016 | H4: Var. % | I4: Part % 2015 | J4: 2015 | K4: 2016 | L4: Var. % | M4: 2015 | N4: 2016 | O4: Var. %
A5: Nacional | B5: 2079.1 | C5: 1951.7 | D5: -6.1276514 | E5: 100 | F5: 23649.06 | G5: 21958.812 | H5: -7.1472101 | I5: 100 | J5: 11.374662 | K5: 11.251121 | L5: -1.0861118 | M5: 671.25125 | N5: 683.3586 | O5: 1.8036987
A6: Amazonas | B6: 48 | C6: 35 | D6: -27.083333 | E6: 1.7933084 | F6: 248.4 | G6: 183.96 | H6: -25.942029 | I6: 0.83775024 | J6: 5.175 | K6: 5.256 | L6: 1.5652174 | M6: 706.55395 | N6: 785.40444 | O6: 11.159868
A7: Ica | B7: 22.1 | C7: 45 | D7: 103.61991 | E7: 2.3056822 | F7: 139.6 | G7: 274.94 | H7: 96.948424 | I7: 1.2520714 | J7: 6.3167421 | K7: 6.1097778 | L7: -3.2764406 | M7: 793.91332 | N7: 798.67098 | O7: 0.5992668
A8: Junín | B8: 40 | C8: 37 | D8: -7.5 | E8: 1.8957832 | F8: 297.4 | G8: 273.4 | H8: -8.0699395 | I8: 1.2450582 | J8: 7.435 | K8: 7.3891892 | L8: -0.61615078 | M8: 803.77942 | N8: 1011.0827 | O8: 25.791061
A9: La Libertad | B9: 39 | C9: 41 | D9: 5.1282051 | E9: 2.1007327 | F9: 959.2 | G9: 1087.6 | H9: 13.386155 | I9: 4.9529091 | J9: 24.594872 | K9: 26.526829 | L9: 7.8551232 | M9: 816.53201 | N9: 713.49393 | O9: -12.618988
A10: Lambayeque | B10: 17 | C10: 39 | D10: 129.41176 | E10: 1.9982579 | F10: 65 | G10: 136 | H10: 109.23077 | I10: 0.61934134 | J10: 3.8235294 | K10: 3.4871795 | L10: -8.7968442 | M10: 2944 | N10: 2708.1618 | O10: -8.0108096
A11: Lima | B11: 970 | C11: 933 | D11: -3.814433 | E11: 47.804478 | F11: 6034 | G11: 5846 | H11: -3.1156778 | I11: 26.62257 | J11: 6.2206186 | K11: 6.2658092 | L11: 0.72646571 | M11: 353.91946 | N11: 426.47964 | O11: 20.501893
A12: Lima Metropolitana | B12: 637 | C12: 568 | D12: -10.832025 | E12: 29.102833 | F12: 15243.138 | G12: 13635.697 | H12: -10.545342 | I12: 62.096697 | J12: 23.929573 | K12: 24.006509 | L12: 0.32150931 | M12: 747.83294 | N12: 736.69479 | O12: -1.4893904
A13: Loreto | B13: 197 | C13: 208 | D13: 5.5837563 | E13: 10.657376 | F13: 315.5 | G13: 355 | H13: 12.51981 | I13: 1.6166631 | J13: 1.6015228 | K13: 1.7067308 | L13: 6.569243 | M13: 552.78922 | N13: 555.46479 | O13: 0.48401184
A14: Tumbes | B14: 4.5 | C14: 7.7 | D14: 71.111111 | E14: 0.39452785 | F14: 27.605 | G14: 67.299 | H14: 143.79279 | I14: 0.30647833 | J14: 6.1344444 | K14: 8.7401299 | L14: 42.476307 | M14: 2697.0476 | N14: 4185.2256 | O14: 55.178039
A15: Ucayali | B15: 104.5 | C15: 38 | D15: -63.636364 | E15: 1.9470205 | F15: 319.217 | G15: 98.916 | H15: -69.012929 | I15: 0.45046153 | J15: 3.0547081 | K15: 2.6030526 | L15: -14.785553 | M15: 1850.6963 | N15: 2057.6969 | O15: 11.185014
A16: Fuente: SIEA

Sheet C.35
A1: C.35 PERÚ: PEREJIL POR REGIÓN SEGÚN VARIABLES PRODUCTIVAS, 2015-2016
A3: Región | B3: Superficie cosechada (ha) | F3: Producción (t) | J3: Rendimiento (t/ ha) | M3: Precio al productor (S/ /t)
B4: 2015 | C4: 2016 | D4: Var. % | E4: Part % 2015 | F4: 2015 | G4: 2016 | H4: Var. % | I4: Part % 2015 | J4: 2015 | K4: 2016 | L4: Var. % | M4: 2015 | N4: 2016 | O4: Var. %
A5: Nacional | B5: 319.68 | C5: 312.5 | D5: -2.245996 | E5: 100 | F5: 5073.3 | G5: 4532.298 | H5: -10.66371 | I5: 100 | J5: 15.869932 | K5: 14.503354 | L5: -8.6111194 | M5: 618.90876 | N5: 693.84976 | O5: 12.108571
A6: Arequipa | B6: 48 | C6: 53 | D6: 10.416667 | E6: 16.96 | F6: 1990.65 | G6: 1603.9 | H6: -19.428327 | I6: 35.388229 | J6: 41.471875 | K6: 30.262264 | L6: -27.029429 | M6: 608.28222 | N6: 646.83896 | O6: 6.3386261
A7: Ica | B7: 31.68 | C7: 39.5 | D7: 24.684343 | E7: 12.64 | F7: 157.45 | G7: 210.438 | H7: 33.653858 | I7: 4.6430751 | J7: 4.9700126 | K7: 5.3275443 | L7: 7.1937781 | M7: 827.80121 | N7: 859.08054 | O7: 3.7786041
A8: Lima Metropolitana | B8: 240 | C8: 220 | D8: -8.3333333 | E8: 70.4 | F8: 2925.2 | G8: 2717.96 | H8: -7.0846438 | I8: 59.968696 | J8: 12.188333 | K8: 12.354364 | L8: 1.3622068 | M8: 614.89659 | N8: 708.7984 | O8: 15.271155
A9: Fuente: SIEA

Sheet C.36
A1: C.36 PERÚ: SANDÍA POR REGIÓN SEGÚN VARIABLES PRODUCTIVAS, 2015-2016
A3: Región | B3: Superficie cosechada (ha) | F3: Producción (t) | J3: Rendimiento (t/ ha) | M3: Precio al productor (S/ /t)
B4: 2015 | C4: 2016 | D4: Var. % | E4: Part % 2015 | F4: 2015 | G4: 2016 | H4: Var. % | I4: Part % 2015 | J4: 2015 | K4: 2016 | L4: Var. % | M4: 2015 | N4: 2016 | O4: Var. %
A5: Nacional | B5: 3404.7 | C5: 3529.97 | D5: 3.6793256 | E5: 100 | F5: 95797.327 | G5: 85679.719 | H5: -10.561472 | I5: 100 | J5: 28.136789 | K5: 24.272081 | L5: -13.735427 | M5: 646.64631 | N5: 610.40563 | O5: -5.6044054
A6: Amazonas | B6: 51.7 | C6: 54.2 | D6: 4.8355899 | E6: 1.5354238 | F6: 450.93 | G6: 471.25 | H6: 4.5062427 | I6: 0.55001348 | J6: 8.7220503 | K6: 8.6946494 | L6: -0.31415599 | M6: 834.5109 | N6: 851.20318 | O6: 2.0002475
A7: Ancash | B7: 104 | C7: 173 | D7: 66.346154 | E7: 4.9008915 | F7: 4285 | G7: 6285 | H7: 46.674446 | I7: 7.3354582 | J7: 41.201923 | K7: 36.32948 | L7: -11.825767 | M7: 507.2112 | N7: 565.53858 | O7: 11.499624
A8: Arequipa | B8: 55 | C8: 93 | D8: 69.090909 | E8: 2.6345833 | F8: 1793.305 | G8: 2878.339 | H8: 60.504711 | I8: 3.3594169 | J8: 32.605545 | K8: 30.949882 | L8: -5.0778593 | M8: 599.83684 | N8: 848.68356 | O8: 41.485736
A9: Cusco | B9: 8 | C9: 8 | D9: 0 | E9: 0.22663082 | F9: 109 | G9: 107 | H9: -1.8348624 | I9: 0.1248837 | J9: 13.625 | K9: 13.375 | L9: -1.8348624 | M9: 2003.6697 | N9: 1836.9159 | O9: -8.3224213
A10: Ica | B10: 404.1 | C10: 282.67 | D10: -30.049493 | E10: 8.0077168 | F10: 16561.836 | G10: 10517.98 | H10: -36.492669 | I10: 12.275927 | J10: 40.984499 | K10: 37.209396 | L10: -9.2110502 | M10: 733.35315 | N10: 828.73762 | O10: 13.006622
A11: La Libertad | B11: 412.4 | C11: 271.1 | D11: -34.262852 | E11: 7.679952 | F11: 20928 | G11: 13920.4 | H11: -33.484327 | I11: 16.247019 | J11: 50.746848 | K11: 51.347842 | L11: 1.184299 | M11: 557.86363 | N11: 569.06957 | O11: 2.0087238
A12: Lambayeque | B12: 162 | C12: 168 | D12: 3.7037037 | E12: 4.7592472 | F12: 3359 | G12: 3994 | H12: 18.904436 | I12: 4.6615466 | J12: 20.734568 | K12: 23.77381 | L12: 14.657849 | M12: 415.06401 | N12: 454.1312 | O12: 9.4123289
A13: Lima | B13: 286 | C13: 311 | D13: 8.7412587 | E13: 8.8102732 | F13: 8190 | G13: 8197 | H13: 0.085470085 | I13: 9.5670248 | J13: 28.636364 | K13: 26.356913 | L13: -7.9599857 | M13: 855.29548 | N13: 921.73844 | O13: 7.7684216
A14: Loreto | B14: 888 | C14: 1212 | D14: 36.486486 | E14: 34.334569 | F14: 9631 | G14: 13095 | H14: 35.967189 | I14: 15.283664 | J14: 10.845721 | K14: 10.804455 | L14: -0.38047518 | M14: 297.63213 | N14: 292.31539 | O14: -1.7863454
A15: Madre de Dios | B15: 22 | C15: 17 | D15: -22.727273 | E15: 0.4815905 | F15: 324.45 | G15: 254.5 | H15: -21.559562 | I15: 0.29703646 | J15: 14.747727 | K15: 14.970588 | L15: 1.5111546 | M15: 978.88735 | N15: 1000 | O15: 2.156801
A16: Moquegua | B16: 28 | C16: 22 | D16: -21.428571 | E16: 0.62323476 | F16: 722.959 | G16: 552.58 | H16: -23.566897 | I16: 0.64493676 | J16: 25.819964 | K16: 25.117273 | L16: -2.7215048 | M16: 628.72362 | N16: 641.9532 | O16: 2.1041966
... A20: Ucayali | B20: 181 | C20: 110 | D20: -39.226519 | E20: 3.1161738 | F20: 4157.847 | G20: 2397.67 | H20: -42.333857 | I20: 2.7984102 | J20: 22.97153 | K20: 21.797 | L20: -5.1129828 | M20: 618.37066 | N20: 772.4299 | O20: 24.913737
A21: Fuente: SIEA

Sheet C.37
A1: C.37 PERÚ: MELÓN POR REGIÓN SEGÚN VARIABLES PRODUCTIVAS, 2015-2016
A3: Región | B3: Superficie cosechada (ha) | F3: Producción (t) | J3: Rendimiento (t/ ha) | M3: Precio al productor (S/ /t)
B4: 2015 | C4: 2016 | D4: Var. % | E4: Part % 2015 | F4: 2015 | G4: 2016 | H4: Var. % | I4: Part % 2015 | J4: 2015 | K4: 2016 | L4: Var. % | M4: 2015 | N4: 2016 | O4: Var. %
A5: Nacional | B5: 1115.4 | C5: 1236.9 | D5: 10.892953 | E5: 100 | F5: 22340.887 | G5: 21148.228 | H5: -5.3384586 | I5: 100 | J5: 20.029484 | K5: 17.097767 | L5: -14.637009 | M5: 682.83089 | N5: 712.67122 | O5: 4.3700911
A6: Arequipa | B6: 16 | C6: 35 | D6: 118.75 | E6: 2.8296548 | F6: 526.15 | G6: 1055.7 | H6: 100.6462 | I6: 4.9919076 | J6: 32.884375 | K6: 30.162857 | L6: -8.2760212 | M6: 612.66629 | N6: 575.58681 | O6: -6.0521493
A7: Ica | B7: 306.4 | C7: 209.9 | D7: -31.494778 | E7: 16.969844 | F7: 9412.359 | G7: 6380.118 | H7: -32.215526 | I7: 30.16857 | J7: 30.719187 | K7: 30.395989 | L7: -1.0521072 | M7: 666.08082 | N7: 673.1121 | O7: 1.0556196
A8: La Libertad | B8: 39 | C8: 37 | D8: -5.1282051 | E8: 2.9913493 | F8: 934.2 | G8: 833 | H8: -10.832798 | I8: 3.9388643 | J8: 23.953846 | K8: 22.513514 | L8: -6.0129494 | M8: 870.12987 | N8: 964.39735 | O8: 10.833725
A9: Lambayeque | B9: 34 | C9: 31 | D9: -8.8235294 | E9: 2.5062657 | F9: 708 | G9: 842 | H9: 18.926554 | I9: 3.981421 | J9: 20.823529 | K9: 27.16129 | L9: 30.435575 | M9: 712.46202 | N9: 544.49153 | O9: -23.576063
A10: Lima | B10: 219 | C10: 249 | D10: 13.69863 | E10: 20.130973 | F10: 4258 | G10: 4853 | H10: 13.973697 | I10: 22.947549 | J10: 19.442922 | K10: 19.48996 | L10: 0.2419259 | M10: 700.50262 | N10: 696.37154 | O10: -0.58973146
A11: Loreto | B11: 292 | C11: 467 | D11: 59.931507 | E11: 37.75568 | F11: 2263 | G11: 3498 | H11: 54.573575 | I11: 16.540393 | J11: 7.75 | K11: 7.490364 | L11: -3.3501416 | M11: 480.02458 | N11: 528.28546 | O11: 10.053836
A12: Piura | B12: 97 | C12: 103 | D12: 6.185567 | E12: 8.3272698 | F12: 1879 | G12: 1601 | H12: -14.795104 | I12: 7.5703742 | J12: 19.371134 | K12: 15.543689 | L12: -19.758496 | M12: 1028.3951 | N12: 1081.9585 | O12: 5.2084485
A13: Tacna | B13: 22 | C13: 19 | D13: -13.636364 | E13: 1.5360983 | F13: 398 | G13: 305 | H13: -23.366834 | I13: 1.4422012 | J13: 18.090909 | K13: 16.052632 | L13: -11.266861 | M13: 1143.5849 | N13: 1152.0101 | O13: 0.73673101
A14: Tumbes | B14: 5 | C14: 6 | D14: 20 | E14: 0.48508368 | F14: 30 | G14: 111.45 | H14: 271.5 | I14: 0.52699451 | J14: 6 | K14: 18.575 | L14: 209.58333 | M14: 800 | N14: 590 | O14: -26.25
A15: Ucayali | B15: 85 | C15: 80 | D15: -5.8823529 | E15: 6.4677824 | F15: 1932.178 | G15: 1668.96 | H15: -13.622865 | I15: 7.891725 | J15: 22.731506 | K15: 20.862 | L15: -8.224294 | M15: 594.28786 | N15: 686.7843 | O15: 15.564249
A16: Fuente: SIEA

Sheet C.38
A1: C.38 PERÚ: ROCOTO POR REGIÓN SEGÚN VARIABLES PRODUCTIVAS, 2015-2016
A3: Región | B3: Superficie cosechada (ha) | F3: Producción (t) | J3: Rendimiento (t/ ha) | M3: Precio al productor (S/ /t)
B4: 2015 | C4: 2016 | D4: Var. % | E4: Part % 2015 | F4: 2015 | G4: 2016 | H4: Var. % | I4: Part % 2015 | J4: 2015 | K4: 2016 | L4: Var. % | M4: 2015 | N4: 2016 | O4: Var. %
A5: Nacional | B5: 2008.41 | C5: 2192 | D5: 9.1410618 | E5: 100 | F5: 20494.062 | G5: 27088.407 | H5: 32.176857 | I5: 100 | J5: 10.204123 | K5: 12.35785 | L5: 21.106442 | M5: 1793.8753 | N5: 1200.9815 | O5: -33.051007
A6: Amazonas | B6: 62 | C6: 49 | D6: -20.967742 | E6: 2.2354015 | F6: 413.73 | G6: 307.41 | H6: -25.697919 | I6: 1.1348397 | J6: 6.6730645 | K6: 6.2736735 | L6: -5.9851219 | M6: 805.36848 | N6: 1078.3023 | O6: 33.889306
A7: Apurímac | B7: 16.41 | C7: 13.5 | D7: -17.73309 | E7: 0.61587591 | F7: 37.679 | G7: 33.689 | H7: -10.589453 | I7: 0.12436686 | J7: 2.2960999 | K7: 2.4954815 | L7: 8.6834871 | M7: 856.21168 | N7: 1080.7712 | O7: 26.227099
A8: Cusco | B8: 267 | C8: 163 | D8: -38.951311 | E8: 7.4361314 | F8: 841.1 | G8: 611 | H8: -27.357032 | I8: 2.2555775 | J8: 3.1501873 | K8: 3.7484663 | L8: 18.991855 | M8: 1782.3208 | N8: 2164.7136 | O8: 21.45477
A9: Huánuco | B9: 112 | C9: 102.5 | D9: -8.4821429 | E9: 4.6760949 | F9: 732 | G9: 831 | H9: 13.52459 | I9: 3.067733 | J9: 6.5357143 | K9: 8.1073171 | L9: 24.046381 | M9: 1861.4262 | N9: 1025.29 | O9: -44.919117
A10: Junín | B10: 184 | C10: 220 | D10: 19.565217 | E10: 10.036496 | F10: 1745.625 | G10: 2172.199 | H10: 24.436749 | I10: 8.0189248 | J10: 9.4870924 | K10: 9.8736318 | L10: 4.0743719 | M10: 1369.0836 | N10: 1091.3782 | O10: -20.284034
A11: La Libertad | B11: 12 | C11: 13 | D11: 8.3333333 | E11: 0.59306569 | F11: 104.4 | G11: 84.3 | H11: -19.252874 | I11: 0.31120324 | J11: 8.7 | K11: 6.4846154 | L11: -25.464191 | M11: 1380.5172 | N11: 2858.8375 | O11: 107.08452
A12: Lima | B12: 0 | C12: 4 | D12: - | E12: 0.18248175 | F12: 0 | G12: 20 | H12: - | I12: 0.073832322 | J12: - | K12: 5 | L12: - | M12: - | N12: 2450 | O12: -
A13: Pasco | B13: 1138 | C13: 1395 | D13: 22.58348 | E13: 63.640511 | F13: 15009.028 | G13: 21223.809 | H13: 41.406952 | I13: 78.350155 | J13: 13.188953 | K13: 15.2142 | L13: 15.355635 | M13: 1806.7339 | N13: 1078.6866 | O13: -40.296323
A14: Puno | B14: 189 | C14: 210 | D14: 11.111111 | E14: 9.580292 | F14: 1204.5 | G14: 1380 | H14: 14.570361 | I14: 5.0944302 | J14: 6.3730159 | K14: 6.5714286 | L14: 3.113325 | M14: 2575.7576 | N14: 2545.0725 | O14: -1.1913043
A15: Tacna | B15: 28 | C15: 22 | D15: -21.428571 | E15: 1.0036496 | F15: 406 | G15: 425 | H15: 4.679803 | I15: 1.5689369 | J15: 14.5 | K15: 19.318182 | L15: 33.22884 | M15: 1928.0788 | N15: 2172.7059 | O15: 12.687607
A16: r Revisado
A17: Fuente: SIEA

Sheet C.39
A1: C.39 PERÚ: AJÍ POR REGIÓN SEGÚN VARIABLES PRODUCTIVAS, 2015-2016
A3: Región | B3: Superficie cosechada (ha) | F3: Producción (t) | J3: Rendimiento (t/ ha) | M3: Precio al productor (S/ /t)
B4: 2015 | C4: 2016 | D4: Var. % | E4: Part % 2015 | F4: 2015 | G4: 2016 | H4: Var. % | I4: Part % 2015 | J4: 2015 | K4: 2016 | L4: Var. % | M4: 2015 | N4: 2016 | O4: Var. %
A5: Nacional | B5: 3719.35 | C5: 4123.65 | D5: 10.870179 | E5: 100 | F5: 38301.739 | G5: 38930.222 | H5: 1.6408733 | I5: 100 | J5: 10.297966 | K5: 9.4407193 | L5: -8.3244257 | M5: 1383.9703 | N5: 1568.8367 | O5: 13.357682
A6: Amazonas | B6: 40.55 | C6: 39.5 | D6: -2.5893958 | E6: 0.95788925 | F6: 235.675 | G6: 225.7 | H6: -4.2325236 | I6: 0.57975523 | J6: 5.8119605 | K6: 5.7139241 | L6: -1.6868059 | M6: 646.07404 | N6: 668.26761 | O6: 3.4351433
A7: Ancash | B7: 210 | C7: 41 | D7: -80.47619 | E7: 0.99426479 | F7: 1098.5 | G7: 222 | H7: -79.790624 | I7: 0.57025105 | J7: 5.2309524 | K7: 5.4146341 | L7: 3.5114402 | M7: 1468.6026 | N7: 1507.2072 | O7: 2.6286598
A8: Apurímac | B8: 21 | C8: 15.5 | D8: -26.190476 | E8: 0.37588059 | F8: 70.5 | G8: 52.5 | H8: -25.531915 | I8: 0.13485667 | J8: 3.3571429 | K8: 3.3870968 | L8: 0.89224434 | M8: 2829.7872 | N8: 3085.7143 | O8: 9.0440387
A9: Arequipa | B9: 128 | C9: 305 | D9: 138.28125 | E9: 7.39636 | F9: 516.271 | G9: 1424.811 | H9: 175.98122 | I9: 3.6599098 | J9: 4.0333672 | K9: 4.6715115 | L9: 15.821626 | M9: 7760.339 | N9: 7366.4425 | O9: -5.0757647
A10: Ayacucho | B10: 23 | C10: 24 | D10: 4.3478261 | E10: 0.58200866 | F10: 66 | G10: 109 | H10: 65.151515 | I10: 0.27998813 | J10: 2.8695652 | K10: 4.5416667 | L10: 58.270202 | M10: 1709.0909 | N10: 1468.8073 | O10: -14.059145
A11: Cajamarca | B11: 1 | C11: 0 | D11: -100 | E11: 0 | F11: 5.5 | G11: 0 | H11: -100 | I11: 0 | J11: 5.5 | K11: - | L11: - | M11: 1500 | N11: - | O11: -
A12: Huánuco | B12: 59 | C12: 63 | D12: 6.779661 | E12: 1.5277727 | F12: 255.8 | G12: 264 | H12: 3.2056294 | I12: 0.67813638 | J12: 4.3355932 | K12: 4.1904762 | L12: -3.347109 | M12: 972.48241 | N12: 999.23106 | O12: 2.7505539
A13: Ica | B13: 40.5 | C13: 36 | D13: -11.111111 | E13: 0.87301299 | F13: 685.888 | G13: 653.999 | H13: -4.6493013 | I13: 1.6799262 | J13: 16.935506 | K13: 18.166639 | L13: 7.269536 | M13: 1219.3898 | N13: 1282.3166 | O13: 5.1605227
A14: Junín | B14: 82 | C14: 117 | D14: 42.682927 | E14: 2.8372922 | F14: 529.3 | G14: 753.1 | H14: 42.28226 | I14: 1.9344868 | J14: 6.454878 | K14: 6.4367521 | L14: -0.28080952 | M14: 1298.8173 | N14: 1066.4586 | O14: -17.890019
A15: La Libertad | B15: 317.9 | C15: 255 | D15: -19.786096 | E15: 6.183842 | F15: 7432.99 | G15: 6134.7 | H15: -17.466592 | I15: 15.758194 | J15: 23.381535 | K15: 24.057647 | L15: 2.8916493 | M15: 1253.1491 | N15: 1337.994 | O15: 6.7705351
A16: Lambayeque | B16: 99 | C16: 103 | D16: 4.040404 | E16: 2.4977872 | F16: 1348 | G16: 1435 | H16: 6.4540059 | I16: 3.6860822 | J16: 13.616162 | K16: 13.932039 | L16: 2.3198698 | M16: 1721.9436 | N16: 2466.7247 | O16: 43.252352
A17: Lima | B17: 1289 | C17: 1229 | D17: -4.6547711 | E17: 29.803693 | F17: 11096 | G17: 10510 | H17: -5.2811824 | I17: 26.99702 | J17: 8.6082234 | K17: 8.551668 | L17: -0.65699278 | M17: 1206.378 | N17: 1381.9496 | O17: 14.553614
A18: Lima Metropolitana | B18: 330 | C18: 323 | D18: -2.1212121 | E18: 7.8328665 | F18: 6471.85 | G18: 6283.5 | H18: -2.9102961 | I18: 16.140417 | J18: 19.611667 | K18: 19.45356 | L18: -0.8061849 | M18: 998.01772 | N18: 1042.5909 | O18: 4.4661722
A19: Loreto | B19: 388 | C19: 494 | D19: 27.319588 | E19: 11.979678 | F19: 674.95 | G19: 858 | H19: 27.120527 | I19: 2.2039433 | J19: 1.7395619 | K19: 1.7368421 | L19: -0.15634686 | M19: 312.1046 | N19: 311.48019 | O19: -0.20006557
A20: Moquegua | B20: 0 | C20: 4 | D20: - | E20: 0.097001443 | F20: 0 | G20: 15.5 | H20: - | I20: 0.039814826 | J20: - | K20: 3.875 | L20: - | M20: - | N20: 4796.7742 | O20: -
A21: Pasco | B21: 164 | C21: 198 | D21: 20.731707 | E21: 4.8015714 | F21: 2050.399 | G21: 2336.637 | H21: 13.960112 | I21: 6.0021158 | J21: 12.502433 | K21: 11.801197 | L21: -5.608796 | M21: 1862.191 | N21: 1146.4123 | O21: -38.437447
A22: Piura | B22: 0 | C22: 12 | D22: - | E22: 0.29100433 | F22: 0 | G22: 36 | H22: - | I22: 0.092473143 | J22: - | K22: 3 | L22: - | M22: - | N22: 8272.2222 | O22: -
A23: Tacna | B23: 443 | C23: 792 | D23: 78.781038 | E23: 19.206286 | F23: 5372 | G23: 7326 | H23: 36.37379 | I23: 18.818285 | J23: 12.126411 | K23: 9.25 | L23: -23.720216 | M23: 1670.7409 | N23: 1512.1417 | O23: -9.4927462
A24: Tumbes | B24: 0.4 | C24: 2.65 | D24: 562.5 | E24: 0.064263456 | F24: 6.82 | G24: 2.78 | H24: -59.237537 | I24: 0.0071409816 | J24: 17.05 | K24: 1.0490566 | L24: -93.847175 | M24: 1527.8592 | N24: 892.08633 | O24: -41.612008
A25: Ucayali | B25: 83 | C25: 70 | D25: -15.662651 | E25: 1.6975253 | F25: 385.296 | G25: 286.995 | H25: -25.513112 | I25: 0.7372036 | J25: 4.6421205 | K25: 4.0999286 | L25: -11.679833 | M25: 1681.8879 | N25: 2245.102 | O25: 33.487016
A26: Fuente: SIEA

Sheet C.40
A1: C.40 PERÚ: PIQUILLO POR REGIÓN SEGÚN VARIABLES PRODUCTIVAS, 2015-2016
A3: Región | B3: Superficie cosechada (ha) | F3: Producción (t) | J3: Rendimiento (t/ ha) | M3: Precio al productor (S/ /t)
B4: 2015 | C4: 2016 | D4: Var. % | E4: Part % 2015 | F4: 2015 | G4: 2016 | H4: Var. % | I4: Part % 2015 | J4: 2015 | K4: 2016 | L4: Var. % | M4: 2015 | N4: 2016 | O4: Var. %
A5: Nacional | B5: 473 | C5: 466 | D5: -1.4799154 | E5: 100 | F5: 12420 | G5: 11905 | H5: -4.1465378 | I5: 100 | J5: 26.257928 | K5: 25.54721 | L5: -2.706679 | M5: 971.93076 | N5: 911.62117 | O5: -6.2051323
A6: La Libertad | B6: 57 | C6: 0 | D6: -100 | E6: 0 | F6: 1630 | G6: 0 | H6: -100 | I6: 0 | J6: 28.596491 | K6: - | L6: - | M6: 2253.9877 | N6: - | O6: -
A7: Lambayeque | B7: 279 | C7: 214 | D7: -23.297491 | E7: 45.922747 | F7: 8559 | G7: 7071 | H7: -17.385209 | I7: 59.395212 | J7: 30.677419 | K7: 33.042056 | L7: 7.7080692 | M7: 722.48861 | N7: 716.76566 | O7: -0.79211573
A8: Piura | B8: 137 | C8: 252 | D8: 83.941606 | E8: 54.077253 | F8: 2231 | G8: 4834 | H8: 116.67414 | I8: 40.604788 | J8: 16.284672 | K8: 19.18254 | L8: 17.795067 | M8: 992.20081 | N8: 1196.6487 | O8: 20.605499
A9: Fuente: SIEA

Sheet C.41
A1: C.41 PERÚ: PIMIENTO POR REGIÓN SEGÚN VARIABLES PRODUCTIVAS, 2015-2016
A3: Región | B3: Superficie cosechada (ha) | F3: Producción (t) | J3: Rendimiento (t/ ha) | M3: Precio al productor (S/ /t)
B4: 2015 | C4: 2016 | D4: Var. % | E4: Part % 2015 | F4: 2015 | G4: 2016 | H4: Var. % | I4: Part % 2015 | J4: 2015 | K4: 2016 | L4: Var. % | M4: 2015 | N4: 2016 | O4: Var. %
A5: Nacional | B5: 1781.55 | C5: 2061.8 | D5: 15.730684 | E5: 100 | F5: 47879.628 | G5: 53142.566 | H5: 10.992019 | I5: 100 | J5: 26.875265 | K5: 25.77484 | L5: -4.094562 | M5: 881.10614 | N5: 909.50212 | O5: 3.2227653
A6: Ica | B6: 18 | C6: 3 | D6: -83.333333 | E6: 0.14550393 | F6: 276.969 | G6: 59.95 | H6: -78.354978 | I6: 0.11280976 | J6: 15.387167 | K6: 19.983333 | L6: 29.87013 | M6: 990.52934 | N6: 1000 | O6: 0.95612138
A7: La Libertad | B7: 190 | C7: 82 | D7: -56.842105 | E7: 3.9771074 | F7: 5878.5 | G7: 2489 | H7: -57.659267 | I7: 4.6836278 | J7: 30.939474 | K7: 30.353659 | L7: -1.8934231 | M7: 960.52564 | N7: 1068.18 | O7: 11.207858
A8: Lambayeque | B8: 640 | C8: 926 | D8: 44.6875 | E8: 44.912213 | F8: 33552 | G8: 41333 | H8: 23.190868 | I8: 77.777577 | J8: 52.425 | K8: 44.636069 | L8: -14.857284 | M8: 800 | N8: 811.95171 | O8: 1.4939637
A9: Lima | B9: 710 | C9: 749 | D9: 5.4929577 | E9: 36.327481 | F9: 4184 | G9: 4516 | H9: 7.9349904 | I9: 8.497896 | J9: 5.8929577 | K9: 6.0293725 | L9: 2.3148775 | M9: 1075.251 | N9: 1206.5766 | O9: 12.213489
A10: Lima Metropolitana | B10: 95 | C10: 136 | D10: 43.157895 | E10: 6.5961781 | F10: 1578.2 | G10: 2401.45 | H10: 52.163858 | I10: 4.5188823 | J10: 16.612632 | K10: 17.657721 | L10: 6.2909299 | M10: 865.41756 | N10: 891.65109 | O10: 3.0313137
A11: Piura | B11: 3 | C11: 0 | D11: -100 | E11: 0 | F11: 11 | G11: 0 | H11: -100 | I11: 0 | J11: 3.6666667 | K11: - | L11: - | M11: 2181.8182 | N11: - | O11: -
A12: Tacna | B12: 112 | C12: 154 | D12: 37.5 | E12: 7.4692017 | F12: 2303 | G12: 2279 | H12: -1.042119 | I12: 4.2884644 | J12: 20.5625 | K12: 14.798701 | L12: -28.030632 | M12: 1494.3856 | N12: 1922.2466 | O12: 28.631233
A13: Tumbes | B13: 13.55 | C13: 11.8 | D13: -12.915129 | E13: 0.57231545 | F13: 95.959 | G13: 64.166 | H13: -33.131858 | I13: 0.12074313 | J13: 7.081845 | K13: 5.4377966 | L13: -23.214973 | M13: 983.9223 | N13: 1297.7434 | O13: 31.894902
A14: Fuente: SIEA

Sheet C.42
A1: C.42 PERÚ: PEPINILLO POR REGIÓN SEGÚN VARIABLES PRODUCTIVAS, 2015-2016
A3: Región | B3: Superficie cosechada (ha) | F3: Producción (t) | J3: Rendimiento (t/ ha) | M3: Precio al productor (S/ /t)
B4: 2015 | C4: 2016 | D4: Var. % | E4: Part % 2015 | F4: 2015 | G4: 2016 | H4: Var. % | I4: Part % 2015 | J4: 2015 | K4: 2016 | L4: Var. % | M4: 2015 | N4: 2016 | O4: Var. %
A5: Nacional | B5: 2317.5 | C5: 2340 | D5: 0.97087379 | E5: 100 | F5: 39056.228 | G5: 41991.046 | H5: 7.5143406 | I5: 100 | J5: 16.852741 | K5: 17.944891 | L5: 6.4805489 | M5: 414.83842 | N5: 410.24671 | O5: -1.1068663
A6: Ancash | B6: 27 | C6: 24 | D6: -11.111111 | E6: 1.025641 | F6: 249.1 | G6: 242.2 | H6: -2.7699719 | I6: 0.57678963 | J6: 9.2259259 | K6: 10.091667 | L6: 9.3837816 | M6: 938.74749 | N6: 1211.5607 | O6: 29.061404
A7: Apurímac | B7: 8 | C7: 14 | D7: 75 | E7: 0.5982906 | F7: 151 | G7: 120 | H7: -20.529801 | I7: 0.28577521 | J7: 18.875 | K7: 8.5714286 | L7: -54.588458 | M7: 509.93377 | N7: 890 | O7: 74.532468
A8: Arequipa | B8: 28 | C8: 43 | D8: 53.571429 | E8: 1.8376068 | F8: 386.869 | G8: 625.269 | H8: 61.622927 | I8: 1.4890532 | J8: 13.81675 | K8: 14.54114 | L8: 5.2428359 | M8: 657.09013 | N8: 608.83988 | O8: -7.3430187
A9: Ayacucho | B9: 2 | C9: 2 | D9: 0 | E9: 0.085470085 | F9: 20 | G9: 20 | H9: 0 | I9: 0.047629202 | J9: 10 | K9: 10 | L9: 0 | M9: 550 | N9: 725 | O9: 31.818182
A10: La Libertad | B10: 283.5 | C10: 368.5 | D10: 29.982363 | E10: 15.747863 | F10: 13380.4 | G10: 17367.5 | H10: 29.798063 | I10: 41.360008 | J10: 47.197178 | K10: 47.130258 | L10: -0.14178883 | M10: 292.97301 | N10: 352.75405 | O10: 20.404968
A11: Lambayeque | B11: 84 | C11: 108 | D11: 28.571429 | E11: 4.6153846 | F11: 1155 | G11: 1379 | H11: 19.393939 | I11: 3.2840335 | J11: 13.75 | K11: 12.768519 | L11: -7.1380471 | M11: 722.08658 | N11: 653.06019 | O11: -9.5592957
A12: Lima | B12: 895 | C12: 927 | D12: 3.575419 | E12: 39.615385 | F12: 14322 | G12: 15107 | H12: 5.4810781 | I12: 35.976718 | J12: 16.002235 | K12: 16.296656 | L12: 1.8398758 | M12: 436.39575 | N12: 417.38995 | O12: -4.355176
A13: Lima Metropolitana | B13: 213 | C13: 157 | D13: -26.29108 | E13: 6.7094017 | F13: 4425.06 | G13: 3220.55 | H13: -27.220196 | I13: 7.6696113 | J13: 20.77493 | K13: 20.513057 | L13: -1.2605205 | M13: 569.79184 | N13: 508.26623 | O13: -10.797911
A14: Loreto | B14: 573 | C14: 573 | D14: 0 | E14: 24.487179 | F14: 2718.5 | G14: 2718.5 | H14: 0 | I14: 6.4739992 | J14: 4.7443281 | K14: 4.7443281 | L14: 0 | M14: 272.0011 | N14: 272.0011 | O14: 0
A15: Madre de Dios | B15: 5 | C15: 4.5 | D15: -10 | E15: 0.19230769 | F15: 27.05 | G15: 24.99 | H15: -7.6155268 | I15: 0.059512688 | J15: 5.41 | K15: 5.5533333 | L15: 2.6494147 | M15: 811.46026 | N15: 800 | O15: -1.4123007
A16: Tacna | B16: 91 | C16: 58 | D16: -36.263736 | E16: 2.4786325 | F16: 1655 | G16: 877 | H16: -47.009063 | I16: 2.0885405 | J16: 18.186813 | K16: 15.12069 | L16: -16.859048 | M16: 612.37462 | N16: 589.50969 | O16: -3.7338141
A17: Ucayali | B17: 108 | C17: 61 | D17: -43.518519 | E17: 2.6068376 | F17: 566.249 | G17: 289.037 | H17: -48.955848 | I17: 0.68833008 | J17: 5.2430463 | K17: 4.7383115 | L17: -9.6267474 | M17: 574.97641 | N17: 641.44002 | O17: 11.559363
A18: Fuente: SIEA

Sheet C.43
A1: C.43 PERÚ: TOMATE POR REGIÓN SEGÚN VARIABLES PRODUCTIVAS, 2015-2016
A3: Región | B3: Superficie cosechada (ha) | F3: Producción (t) | J3: Rendimiento (t/ ha) | M3: Precio al productor (S/ /t)
B4: 2015 | C4: 2016 | D4: Var. % | E4: Part % 2015 | F4: 2015 | G4: 2016 | H4: Var. % | I4: Part % 2015 | J4: 2015 | K4: 2016 | L4: Var. % | M4: 2015 | N4: 2016 | O4: Var. %
A5: Nacional | B5: 5904.11 | C5: 6070.15 | D5: 2.8122782 | E5: 100 | F5: 236287.17 | G5: 232897.89 | H5: -1.4343931 | I5: 100 | J5: 40.020795 | K5: 38.367732 | L5: -4.1305099 | M5: 848.02888 | N5: 907.61784 | O5: 7.0267611
A6: Amazonas | B6: 22.56 | C6: 28.65 | D6: 26.994681 | E6: 0.47198175 | F6: 156.784 | G6: 203.529 | H6: 29.814905 | I6: 0.087389801 | J6: 6.9496454 | K6: 7.1039791 | L6: 2.2207416 | M6: 873.81365 | N6: 968.79806 | O6: 10.870098
A7: Ancash | B7: 294 | C7: 230 | D7: -21.768707 | E7: 3.7890332 | F7: 7478 | G7: 5330 | H7: -28.724258 | I7: 2.2885566 | J7: 25.435374 | K7: 23.173913 | L7: -8.8910078 | M7: 966.82937 | N7: 826.14634 | O7: -14.550967
